DATE,COUNT
2015-01-20,1.0
2015-01-21,0.0
2015-01-22,1.0
2015-01-23,1.0
2015-01-24,0.0
2015-01-25,0.0
2015-01-26,1.0
2015-01-27,3.0
2015-01-28,3.0
2015-01-29,8.0
2015-01-30,13.0
2015-01-31,8.0
2015-02-01,11.0
2015-02-02,19.0
2015-02-03,20.0
2015-02-04,11.0
2015-02-05,13.0
2015-02-06,5.0
2015-02-07,5.0
2015-02-08,3.0
2015-02-09,7.0
2015-02-10,11.0
2015-02-11,13.0
2015-02-12,9.0
2015-02-13,2.0
2015-02-14,11.0
2015-02-15,6.0
2015-02-16,3.0
2015-02-17,9.0
2015-02-18,4.0
2015-02-19,4.0
2015-02-20,10.0
2015-02-21,10.0
2015-02-22,2.0
2015-02-23,5.0
2015-02-24,13.0
2015-02-25,7.0
2015-02-26,18.0
2015-02-27,19.0
2015-02-28,7.0
2015-03-01,8.0
2015-03-02,20.0
2015-03-03,13.0
2015-03-04,7.0
2015-03-05,6.0
2015-03-06,2.0
2015-03-07,3.0
2015-03-08,2.0
2015-03-09,20.0
2015-03-10,7.0
2015-03-11,13.0
2015-03-12,6.0
2015-03-13,12.0
2015-03-14,10.0
2015-03-15,6.0
2015-03-16,13.0
2015-03-17,17.0
2015-03-18,13.0
2015-03-19,8.0
2015-03-20,15.0
2015-03-21,9.0
2015-03-22,6.0
2015-03-23,8.0
2015-03-24,12.0
2015-03-25,14.0
2015-03-26,11.0
2015-03-27,10.0
2015-03-28,5.0
2015-03-29,8.0
2015-03-30,16.0
2015-03-31,20.0
2015-04-01,15.0
2015-04-02,7.0
2015-04-03,10.0
2015-04-04,9.0
2015-04-05,3.0
2015-04-06,10.0
2015-04-07,16.0
2015-04-08,13.0
2015-04-09,13.0
2015-04-10,8.0
2015-04-11,13.0
2015-04-12,10.0
2015-04-13,8.0
2015-04-14,13.0
2015-04-15,16.0
2015-04-16,18.0
2015-04-17,17.0
2015-04-18,7.0
2015-04-19,9.0
2015-04-20,14.0
2015-04-21,12.0
2015-04-22,7.0
2015-04-23,12.0
2015-04-24,10.0
2015-04-25,10.0
2015-04-26,14.0
2015-04-27,15.0
2015-04-28,9.0
2015-04-29,27.0
2015-04-30,14.0
2015-05-01,8.0
2015-05-02,8.0
2015-05-03,11.0
2015-05-04,11.0
2015-05-05,10.0
2015-05-06,12.0
2015-05-07,10.0
2015-05-08,5.0
2015-05-09,10.0
2015-05-10,4.0
2015-05-11,8.0
2015-05-12,10.0
2015-05-13,15.0
2015-05-14,10.0
2015-05-15,19.0
2015-05-16,12.0
2015-05-17,3.0
2015-05-18,12.0
2015-05-19,9.0
2015-05-20,16.0
2015-05-21,15.0
2015-05-22,10.0
2015-05-23,5.0
2015-05-24,9.0
2015-05-25,9.0
2015-05-26,21.0
2015-05-27,15.0
2015-05-28,54.0
2015-05-30,324.0
2015-05-31,187.0
2015-06-01,34.0
2015-06-02,49.0
2015-06-03,51.0
2015-06-04,45.0
2015-06-05,35.0
2015-06-06,21.0
2015-06-07,21.0
2015-06-08,25.0
2015-06-09,28.0
2015-06-10,23.0
2015-06-11,38.0
2015-06-12,23.0
2015-06-13,22.0
2015-06-14,50.0
2015-06-15,36.0
2015-06-16,30.0
2015-06-17,37.0
2015-06-18,42.0
2015-06-19,20.0
2015-06-20,21.0
2015-06-21,8.0
2015-06-22,30.0
2015-06-23,36.0
2015-06-24,35.0
2015-06-25,28.0
2015-06-26,24.0
2015-06-27,15.0
2015-06-28,20.0
2015-06-29,26.0
2015-06-30,27.0
2015-07-01,30.0
2015-07-02,29.0
2015-07-03,34.0
2015-07-04,21.0
2015-07-05,34.0
2015-07-06,36.0
2015-07-07,69.0
2015-07-08,56.0
2015-07-09,64.0
2015-07-10,53.0
2015-07-11,46.0
2015-07-12,38.0
2015-07-13,41.0
2015-07-14,77.0
2015-07-15,49.0
2015-07-16,45.0
2015-07-17,70.0
2015-07-18,24.0
2015-07-19,43.0
2015-07-20,53.0
2015-07-21,46.0
2015-07-22,53.0
2015-07-23,38.0
2015-07-24,51.0
2015-07-25,47.0
2015-07-26,46.0
2015-07-27,64.0
2015-07-28,36.0
2015-07-29,47.0
2015-07-30,45.0
2015-07-31,39.0
2015-08-01,38.0
2015-08-02,36.0
2015-08-03,52.0
2015-08-04,57.0
2015-08-05,46.0
2015-08-06,44.0
2015-08-07,35.0
2015-08-08,38.0
2015-08-09,25.0
2015-08-10,49.0
2015-08-11,42.0
2015-08-12,57.0
2015-08-13,44.0
2015-08-14,39.0
2015-08-15,41.0
2015-08-16,31.0
2015-08-17,49.0
2015-08-18,37.0
2015-08-19,39.0
2015-08-20,49.0
2015-08-21,38.0
2015-08-22,34.0
2015-08-23,40.0
2015-08-24,33.0
2015-08-25,41.0
2015-08-26,38.0
2015-08-27,39.0
2015-08-28,49.0
2015-08-29,39.0
2015-08-30,41.0
2015-08-31,37.0
2015-09-01,36.0
2015-09-02,32.0
2015-09-03,35.0
2015-09-04,25.0
2015-09-05,33.0
2015-09-06,24.0
2015-09-07,34.0
2015-09-08,38.0
2015-09-09,27.0
2015-09-10,91.0
2015-09-11,510.0
2015-09-12,348.0
2015-09-13,360.0
2015-09-14,50.0
2015-09-15,47.0
2015-09-16,49.0
2015-09-17,57.0
2015-09-18,55.0
2015-09-19,34.0
2015-09-20,42.0
2015-09-21,54.0
2015-09-22,56.0
2015-09-23,53.0
2015-09-24,44.0
2015-09-25,45.0
2015-09-26,29.0
2015-09-27,30.0
2015-09-28,30.0
2015-09-29,46.0
2015-09-30,57.0
2015-10-01,56.0
2015-10-02,66.0
2015-10-03,48.0
2015-10-04,50.0
2015-10-05,42.0
2015-10-06,53.0
2015-10-07,40.0
2015-10-08,39.0
2015-10-09,33.0
2015-10-10,37.0
2015-10-11,29.0
2015-10-12,44.0
2015-10-13,40.0
2015-10-14,39.0
2015-10-15,31.0
2015-10-16,29.0
2015-10-17,25.0
2015-10-18,18.0
2015-10-19,30.0
2015-10-20,48.0
2015-10-21,63.0
2015-10-22,61.0
2015-10-23,74.0
2015-10-24,41.0
2015-10-25,33.0
2015-10-26,48.0
2015-10-27,93.0
2015-10-28,84.0
2015-10-29,78.0
2015-10-30,86.0
2015-10-31,53.0
2015-11-01,37.0
2015-11-02,63.0
2015-11-03,144.0
2015-11-04,64.0
2015-11-05,77.0
2015-11-06,55.0
2015-11-07,41.0
2015-11-08,27.0
2015-11-09,43.0
2015-11-10,67.0
2015-11-11,53.0
2015-11-12,53.0
2015-11-13,44.0
2015-11-14,40.0
2015-11-15,36.0
2015-11-16,46.0
2015-11-17,54.0
2015-11-18,51.0
2015-11-19,29.0
2015-11-20,40.0
2015-11-21,63.0
2015-11-22,28.0
2015-11-23,45.0
2015-11-24,41.0
2015-11-25,498.0
2015-11-26,428.0
2015-11-27,268.0
2015-11-28,378.0
2015-11-29,200.0
2015-11-30,369.0
2015-12-01,217.0
2015-12-02,85.0
2015-12-03,48.0
2015-12-04,52.0
2015-12-05,42.0
2015-12-06,61.0
2015-12-07,61.0
2015-12-08,76.0
2015-12-09,69.0
2015-12-10,65.0
2015-12-11,39.0
2015-12-12,83.0
2015-12-13,70.0
2015-12-14,105.0
2015-12-15,82.0
2015-12-16,74.0
2015-12-17,62.0
2015-12-18,44.0
2015-12-19,44.0
2015-12-20,28.0
2015-12-21,57.0
2015-12-22,53.0
2015-12-23,54.0
2015-12-24,30.0
2015-12-25,39.0
2015-12-26,38.0
2015-12-27,45.0
2015-12-28,45.0
2015-12-29,50.0
2015-12-30,69.0
2015-12-31,46.0
2016-01-01,53.0
2016-01-02,65.0
2016-01-03,42.0
2016-01-04,59.0
2016-01-05,70.0
2016-01-06,64.0
2016-01-07,74.0
2016-01-08,72.0
2016-01-09,47.0
2016-01-10,46.0
2016-01-11,62.0
2016-01-12,60.0
2016-01-13,45.0
2016-01-14,64.0
2016-01-15,51.0
2016-01-16,41.0
2016-01-17,23.0
2016-01-18,30.0
2016-01-19,55.0
2016-01-20,44.0
2016-01-21,65.0
2016-01-22,147.0
2016-01-23,39.0
2016-01-24,40.0
2016-01-25,57.0
2016-01-26,37.0
2016-01-27,51.0
2016-01-28,47.0
2016-01-29,69.0
2016-01-30,34.0
2016-01-31,29.0
2016-02-01,38.0
2016-02-02,46.0
2016-02-03,195.0
2016-02-04,72.0
2016-02-05,37.0
2016-02-06,41.0
2016-02-07,34.0
2016-02-08,48.0
2016-02-09,43.0
2016-02-10,43.0
2016-02-11,43.0
2016-02-12,41.0
2016-02-13,33.0
2016-02-14,26.0
2016-02-15,38.0
2016-02-16,52.0
2016-02-17,40.0
2016-02-18,50.0
2016-02-19,36.0
2016-02-20,15.0
2016-02-21,27.0
2016-02-22,39.0
2016-02-23,44.0
2016-02-24,52.0
2016-02-25,49.0
2016-02-26,47.0
2016-02-27,21.0
2016-02-28,33.0
2016-02-29,38.0
2016-03-01,47.0
2016-03-02,43.0
2016-03-03,89.0
2016-03-04,58.0
2016-03-05,45.0
2016-03-06,24.0
2016-03-07,46.0
2016-03-08,43.0
2016-03-09,35.0
2016-03-10,33.0
2016-03-11,43.0
2016-03-12,38.0
2016-03-13,38.0
2016-03-14,41.0
2016-03-15,35.0
2016-03-16,40.0
2016-03-17,38.0
2016-03-18,35.0
2016-03-19,63.0
2016-03-20,53.0
2016-03-21,48.0
2016-03-22,53.0
2016-03-23,31.0
2016-03-24,39.0
2016-03-25,50.0
2016-03-26,30.0
2016-03-27,35.0
2016-03-28,32.0
2016-03-29,49.0
2016-03-30,43.0
2016-03-31,38.0
2016-04-01,36.0
2016-04-02,40.0
2016-04-03,26.0
2016-04-04,41.0
2016-04-05,54.0
2016-04-06,36.0
2016-04-07,41.0
2016-04-08,35.0
2016-04-09,29.0
2016-04-10,35.0
2016-04-11,49.0
2016-04-12,36.0
2016-04-13,39.0
2016-04-14,22.0
2016-04-15,32.0
2016-04-16,35.0
2016-04-17,27.0
2016-04-18,36.0
2016-04-19,36.0
2016-04-20,37.0
2016-04-21,24.0
2016-04-22,22.0
2016-04-23,32.0
2016-04-24,30.0
2016-04-25,39.0
2016-04-26,45.0
2016-04-27,105.0
2016-04-28,79.0
2016-04-29,60.0
2016-04-30,17.0
2016-05-01,25.0
2016-05-02,27.0
2016-05-03,30.0
2016-05-04,29.0
2016-05-05,23.0
2016-05-06,29.0
2016-05-07,19.0
2016-05-08,20.0
2016-05-09,29.0
2016-05-10,47.0
2016-05-11,31.0
2016-05-12,36.0
2016-05-13,37.0
2016-05-14,23.0
2016-05-15,23.0
2016-05-16,32.0
2016-05-17,36.0
2016-05-18,44.0
2016-05-19,41.0
2016-05-20,36.0
2016-05-21,25.0
2016-05-22,29.0
2016-05-23,28.0
2016-05-24,34.0
2016-05-25,30.0
2016-05-26,43.0
2016-05-27,33.0
2016-05-28,22.0
2016-05-29,20.0
2016-05-30,36.0
2016-05-31,26.0
2016-06-01,30.0
2016-06-02,37.0
2016-06-03,37.0
2016-06-04,21.0
2016-06-05,31.0
2016-06-06,27.0
2016-06-07,152.0
2016-06-08,136.0
2016-06-09,173.0
2016-06-10,110.0
2016-06-11,22.0
2016-06-12,19.0
2016-06-13,31.0
2016-06-14,39.0
2016-06-15,24.0
2016-06-16,35.0
2016-06-17,15.0
2016-06-18,23.0
2016-06-19,29.0
2016-06-20,26.0
2016-06-21,35.0
2016-06-22,37.0
2016-06-23,37.0
2016-06-24,46.0
2016-06-25,30.0
2016-06-26,28.0
2016-06-27,47.0
2016-06-28,40.0
2016-06-29,33.0
2016-06-30,45.0
2016-07-01,35.0
2016-07-02,32.0
2016-07-03,27.0
2016-07-04,21.0
2016-07-05,25.0
2016-07-06,68.0
2016-07-07,38.0
2016-07-08,58.0
2016-07-09,39.0
2016-07-10,36.0
2016-07-11,56.0
2016-07-12,54.0
2016-07-13,39.0
2016-07-14,25.0
2016-07-15,35.0
2016-07-16,40.0
2016-07-17,41.0
2016-07-18,76.0
2016-07-19,145.0
2016-07-20,141.0
2016-07-21,126.0
2016-07-22,143.0
2016-07-23,126.0
2016-07-24,116.0
2016-07-25,113.0
2016-07-26,95.0
2016-07-27,112.0
2016-07-28,105.0
2016-07-29,93.0
2016-07-30,84.0
2016-07-31,95.0
2016-08-01,101.0
2016-08-02,91.0
2016-08-03,120.0
2016-08-04,110.0
2016-08-05,85.0
2016-08-06,89.0
2016-08-07,84.0
2016-08-08,102.0
2016-08-09,88.0
2016-08-10,111.0
2016-08-11,82.0
2016-08-12,104.0
2016-08-13,78.0
2016-08-14,82.0
2016-08-15,82.0
2016-08-16,118.0
2016-08-17,94.0
2016-08-18,97.0
2016-08-19,69.0
2016-08-20,80.0
2016-08-21,58.0
2016-08-22,95.0
2016-08-23,86.0
2016-08-24,96.0
2016-08-25,88.0
2016-08-26,61.0
2016-08-27,48.0
2016-08-28,43.0
2016-08-29,71.0
2016-08-30,68.0
2016-08-31,110.0
2016-09-01,92.0
2016-09-02,93.0
2016-09-03,46.0
2016-09-04,42.0
2016-09-05,89.0
2016-09-06,82.0
2016-09-07,83.0
2016-09-08,93.0
2016-09-09,70.0
2016-09-10,40.0
2016-09-11,41.0
2016-09-12,60.0
2016-09-13,57.0
2016-09-14,62.0
2016-09-15,62.0
2016-09-16,67.0
2016-09-17,54.0
2016-09-18,40.0
2016-09-19,64.0
2016-09-20,59.0
2016-09-21,53.0
2016-09-22,42.0
2016-09-23,45.0
2016-09-24,29.0
2016-09-25,60.0
2016-09-26,73.0
2016-09-27,61.0
2016-09-28,61.0
2016-09-29,57.0
2016-09-30,54.0
2016-10-01,46.0
2016-10-02,57.0
2016-10-03,51.0
2016-10-04,50.0
2016-10-05,76.0
2016-10-06,55.0
2016-10-07,33.0
2016-10-08,37.0
2016-10-09,30.0
2016-10-10,46.0
2016-10-11,30.0
2016-10-12,38.0
2016-10-13,81.0
2016-10-14,80.0
2016-10-15,57.0
2016-10-16,46.0
2016-10-17,62.0
2016-10-18,70.0
2016-10-19,74.0
2016-10-20,62.0
2016-10-21,27.0
2016-10-22,41.0
2016-10-23,30.0
2016-10-24,30.0
2016-10-25,29.0
2016-10-26,33.0
2016-10-27,30.0
2016-10-28,26.0
2016-10-29,30.0
2016-10-30,42.0
2016-10-31,48.0
2016-11-01,213.0
2016-11-02,155.0
2016-11-03,116.0
2016-11-04,173.0
2016-11-05,84.0
2016-11-06,59.0
2016-11-07,63.0
2016-11-08,76.0
2016-11-09,50.0
2016-11-10,58.0
2016-11-11,52.0
2016-11-12,54.0
2016-11-13,34.0
2016-11-14,52.0
2016-11-15,62.0
2016-11-16,60.0
2016-11-17,52.0
2016-11-18,58.0
2016-11-19,61.0
2016-11-20,57.0
2016-11-21,66.0
2016-11-22,98.0
2016-11-23,434.0
2016-11-24,392.0
2016-11-25,380.0
2016-11-26,274.0
2016-11-27,277.0
2016-11-28,428.0
2016-11-29,340.0
2016-11-30,131.0
2016-12-01,121.0
2016-12-02,108.0
2016-12-03,93.0
2016-12-04,93.0
2016-12-05,102.0
2016-12-06,108.0
2016-12-07,101.0
2016-12-08,94.0
2016-12-09,104.0
2016-12-10,103.0
2016-12-11,108.0
2016-12-12,115.0
2016-12-13,311.0
2016-12-14,363.0
2016-12-15,246.0
2016-12-16,156.0
2016-12-17,127.0
2016-12-18,112.0
2016-12-19,148.0
2016-12-20,167.0
2016-12-21,128.0
2016-12-22,113.0
2016-12-23,105.0
2016-12-24,90.0
2016-12-25,106.0
2016-12-26,124.0
2016-12-27,148.0
2016-12-28,155.0
2016-12-29,152.0
2016-12-30,185.0
2016-12-31,236.0
2017-01-01,233.0
2017-01-02,340.0
2017-01-03,349.0
2017-01-04,308.0
2017-01-05,318.0
2017-01-06,263.0
2017-01-07,270.0
2017-01-08,221.0
2017-01-09,266.0
2017-01-10,257.0
2017-01-11,282.0
2017-01-12,271.0
2017-01-13,259.0
2017-01-14,212.0
2017-01-15,209.0
2017-01-16,232.0
2017-01-17,232.0
2017-01-18,243.0
2017-01-19,194.0
2017-01-20,196.0
2017-01-21,188.0
2017-01-22,179.0
2017-01-23,209.0
2017-01-24,220.0
2017-01-25,197.0
2017-01-26,198.0
2017-01-27,192.0
2017-01-28,160.0
2017-01-29,167.0
2017-01-30,176.0
2017-01-31,192.0
2017-02-01,196.0
2017-02-02,191.0
2017-02-03,168.0
2017-02-04,140.0
2017-02-05,143.0
2017-02-06,189.0
2017-02-07,176.0
2017-02-08,161.0
2017-02-09,158.0
2017-02-10,155.0
2017-02-11,149.0
2017-02-12,136.0
2017-02-13,132.0
2017-02-14,154.0
2017-02-15,229.0
2017-02-16,168.0
2017-02-17,147.0
2017-02-18,113.0
2017-02-19,134.0
2017-02-20,157.0
2017-02-21,136.0
2017-02-22,145.0
2017-02-23,111.0
2017-02-24,128.0
2017-02-25,110.0
2017-02-26,110.0
2017-02-27,126.0
2017-02-28,131.0
2017-03-01,138.0
2017-03-02,124.0
2017-03-03,126.0
2017-03-04,109.0
2017-03-05,102.0
2017-03-06,113.0
2017-03-07,108.0
2017-03-08,108.0
2017-03-09,114.0
2017-03-10,86.0
2017-03-11,81.0
2017-03-12,74.0
2017-03-13,104.0
2017-03-14,114.0
2017-03-15,97.0
2017-03-16,84.0
2017-03-17,72.0
2017-03-18,81.0
2017-03-19,79.0
2017-03-20,106.0
2017-03-21,103.0
2017-03-22,88.0
2017-03-23,85.0
2017-03-24,87.0
2017-03-25,65.0
2017-03-26,91.0
2017-03-27,94.0
2017-03-28,93.0
2017-03-29,72.0
2017-03-30,83.0
2017-03-31,94.0
2017-04-01,61.0
2017-04-02,85.0
2017-04-03,111.0
2017-04-04,85.0
2017-04-05,92.0
2017-04-06,83.0
2017-04-07,97.0
2017-04-08,82.0
2017-04-09,71.0
2017-04-10,96.0
2017-04-11,84.0
2017-04-12,67.0
2017-04-13,82.0
2017-04-14,70.0
2017-04-15,71.0
2017-04-16,69.0
2017-04-17,70.0
2017-04-18,80.0
2017-04-19,85.0
2017-04-20,130.0
2017-04-21,100.0
2017-04-22,66.0
2017-04-23,69.0
2017-04-24,73.0
2017-04-25,92.0
2017-04-26,94.0
2017-04-27,82.0
2017-04-28,71.0
2017-04-29,45.0
2017-04-30,73.0
2017-05-01,99.0
2017-05-02,136.0
2017-05-03,109.0
2017-05-04,94.0
2017-05-05,103.0
2017-05-06,89.0
2017-05-07,69.0
2017-05-08,85.0
2017-05-09,86.0
2017-05-10,88.0
2017-05-11,99.0
2017-05-12,101.0
2017-05-13,79.0
2017-05-14,86.0
2017-05-15,110.0
2017-05-16,99.0
2017-05-17,84.0
2017-05-18,101.0
2017-05-19,74.0
2017-05-20,58.0
2017-05-21,75.0
2017-05-22,95.0
2017-05-23,70.0
2017-05-24,75.0
2017-05-25,62.0
2017-05-26,72.0
2017-05-27,60.0
2017-05-28,74.0
2017-05-29,82.0
2017-05-30,97.0
2017-05-31,83.0
2017-06-01,103.0
2017-06-02,92.0
2017-06-03,71.0
2017-06-04,78.0
2017-06-05,74.0
2017-06-06,75.0
2017-06-07,123.0
2017-06-08,81.0
2017-06-09,84.0
2017-06-10,67.0
2017-06-11,74.0
2017-06-12,89.0
2017-06-13,88.0
2017-06-14,89.0
2017-06-15,103.0
2017-06-16,93.0
2017-06-17,79.0
2017-06-18,95.0
2017-06-19,85.0
2017-06-20,78.0
2017-06-21,77.0
2017-06-22,64.0
2017-06-23,82.0
2017-06-24,84.0
2017-06-25,67.0
2017-06-26,71.0
2017-06-27,85.0
2017-06-28,126.0
2017-06-29,132.0
2017-06-30,113.0
2017-07-01,125.0
2017-07-02,114.0
2017-07-03,127.0
2017-07-04,121.0
2017-07-05,132.0
2017-07-06,118.0
2017-07-07,94.0
2017-07-08,70.0
2017-07-09,79.0
2017-07-10,118.0
2017-07-11,82.0
2017-07-12,91.0
2017-07-13,102.0
2017-07-14,94.0
2017-07-15,83.0
2017-07-16,90.0
2017-07-17,89.0
2017-07-18,88.0
2017-07-19,86.0
2017-07-20,184.0
2017-07-21,139.0
2017-07-22,106.0
2017-07-23,95.0
2017-07-24,91.0
2017-07-25,96.0
2017-07-26,85.0
2017-07-27,83.0
2017-07-28,78.0
2017-07-29,79.0
2017-07-30,74.0
2017-07-31,84.0
2017-08-01,97.0
2017-08-02,81.0
2017-08-03,96.0
2017-08-04,77.0
2017-08-05,57.0
2017-08-06,62.0
2017-08-07,83.0
2017-08-08,85.0
2017-08-09,76.0
2017-08-10,73.0
2017-08-11,75.0
2017-08-12,74.0
2017-08-13,69.0
2017-08-14,76.0
2017-08-15,73.0
2017-08-16,89.0
2017-08-17,93.0
2017-08-18,49.0
2017-08-19,63.0
2017-08-20,55.0
2017-08-21,70.0
2017-08-22,77.0
2017-08-23,75.0
2017-08-24,64.0
2017-08-25,53.0
2017-08-26,58.0
2017-08-27,49.0
2017-08-28,62.0
2017-08-29,76.0
2017-08-30,64.0
2017-08-31,57.0
2017-09-01,104.0
2017-09-02,126.0
2017-09-03,86.0
2017-09-04,208.0
2017-09-05,107.0
2017-09-06,64.0
2017-09-07,63.0
2017-09-08,67.0
2017-09-09,58.0
2017-09-10,71.0
2017-09-11,63.0
2017-09-12,70.0
2017-09-13,42.0
2017-09-14,56.0
2017-09-15,70.0
2017-09-16,36.0
2017-09-17,44.0
2017-09-18,43.0
2017-09-19,40.0
2017-09-20,82.0
2017-09-21,42.0
2017-09-22,40.0
2017-09-23,121.0
2017-09-24,45.0
2017-09-25,35.0
2017-09-26,47.0
2017-09-27,47.0
2017-09-28,55.0
2017-09-29,42.0
2017-09-30,42.0
2017-10-01,36.0
2017-10-02,50.0
2017-10-03,45.0
2017-10-04,49.0
2017-10-05,39.0
2017-10-06,39.0
2017-10-07,34.0
2017-10-08,34.0
2017-10-09,42.0
2017-10-10,50.0
2017-10-11,69.0
2017-10-12,54.0
2017-10-13,45.0
2017-10-14,37.0
2017-10-15,33.0
2017-10-16,54.0
2017-10-17,48.0
2017-10-18,54.0
2017-10-19,45.0
2017-10-20,59.0
2017-10-21,35.0
2017-10-22,53.0
2017-10-23,51.0
2017-10-24,58.0
2017-10-25,71.0
2017-10-26,60.0
2017-10-27,42.0
2017-10-28,41.0
2017-10-29,36.0
2017-10-30,55.0
2017-10-31,47.0
2017-11-01,51.0
2017-11-02,64.0
2017-11-03,52.0
2017-11-04,55.0
2017-11-05,158.0
2017-11-06,90.0
2017-11-07,91.0
2017-11-08,179.0
2017-11-09,72.0
2017-11-10,63.0
2017-11-11,59.0
2017-11-12,40.0
2017-11-13,49.0
2017-11-14,53.0
2017-11-15,71.0
2017-11-16,67.0
2017-11-17,62.0
2017-11-18,47.0
2017-11-19,54.0
2017-11-20,90.0
2017-11-28,562.0
2017-11-29,457.0
2017-11-30,408.0
2017-12-01,558.0
2017-12-02,363.0
2017-12-03,383.0
2017-12-04,375.0
2017-12-05,327.0
2017-12-06,345.0
2017-12-07,538.0
2017-12-08,505.0
2017-12-09,397.0
2017-12-10,341.0
2017-12-11,521.0
2017-12-12,392.0
2017-12-13,342.0
2017-12-14,269.0
2017-12-15,236.0
2017-12-16,237.0
2017-12-17,244.0
2017-12-18,267.0
2017-12-19,273.0
2017-12-20,239.0
2017-12-21,189.0
2017-12-22,172.0
2017-12-23,148.0
2017-12-24,127.0
2017-12-25,146.0
2017-12-26,198.0
2017-12-27,227.0
2017-12-28,221.0
2017-12-29,215.0
2017-12-30,190.0
2017-12-31,178.0
2018-01-01,145.0
2018-01-02,167.0
2018-01-03,268.0
2018-01-04,222.0
2018-01-05,187.0
2018-01-06,128.0
2018-01-07,146.0
2018-01-08,141.0
2018-01-09,119.0
2018-01-10,116.0
2018-01-11,109.0
2018-01-12,116.0
2018-01-13,97.0
2018-01-14,107.0
2018-01-15,109.0
2018-01-16,113.0
2018-01-17,128.0
2018-01-18,127.0
2018-01-19,102.0
2018-01-20,107.0
2018-01-21,120.0
2018-01-22,127.0
2018-01-23,123.0
2018-01-24,125.0
2018-01-25,97.0
2018-01-26,102.0
2018-01-27,111.0
2018-01-28,110.0
2018-01-29,106.0
2018-01-30,124.0
2018-01-31,146.0
2018-02-01,120.0
2018-02-02,124.0
2018-02-03,90.0
2018-02-04,110.0
2018-02-05,102.0
2018-02-06,132.0
2018-02-07,125.0
2018-02-08,108.0
2018-02-09,96.0
2018-02-10,104.0
2018-02-11,132.0
2018-02-12,131.0
2018-02-13,109.0
2018-02-14,98.0
2018-02-15,100.0
2018-02-16,116.0
2018-02-17,105.0
2018-02-18,92.0
2018-02-19,126.0
2018-02-20,155.0
2018-02-21,109.0
2018-02-22,84.0
2018-02-23,112.0
2018-02-24,106.0
2018-02-25,91.0
2018-02-26,78.0
2018-02-27,88.0
2018-02-28,86.0
2018-03-01,127.0
2018-03-02,95.0
2018-03-03,81.0
2018-03-04,86.0
2018-03-05,89.0
2018-03-06,77.0
2018-03-07,101.0
2018-03-08,99.0
2018-03-09,113.0
2018-03-10,85.0
2018-03-11,101.0
2018-03-12,82.0
2018-03-13,65.0
2018-03-14,69.0
2018-03-15,101.0
2018-03-16,80.0
2018-03-17,60.0
2018-03-18,78.0
2018-03-19,84.0
2018-03-20,88.0
2018-03-21,84.0
2018-03-22,79.0
2018-03-23,66.0
2018-03-24,72.0
2018-03-25,78.0
2018-03-26,114.0
2018-03-27,102.0
2018-03-28,96.0
2018-03-29,83.0
2018-03-30,90.0
2018-03-31,87.0
2018-04-01,85.0
2018-04-02,112.0
2018-04-03,93.0
2018-04-04,98.0
2018-04-05,108.0
2018-04-06,86.0
2018-04-07,75.0
2018-04-08,95.0
2018-04-09,82.0
2018-04-10,93.0
2018-04-11,86.0
2018-04-12,81.0
2018-04-13,74.0
2018-04-14,82.0
2018-04-15,105.0
2018-04-16,114.0
2018-04-17,98.0
2018-04-18,97.0
2018-04-19,107.0
2018-04-20,86.0
2018-04-21,91.0
2018-04-22,75.0
2018-04-23,103.0
2018-04-24,97.0
2018-04-25,78.0
2018-04-26,85.0
2018-04-27,110.0
2018-04-28,73.0
2018-04-29,80.0
2018-04-30,81.0
2018-05-01,100.0
2018-05-02,107.0
2018-05-03,104.0
2018-05-04,86.0
2018-05-05,76.0
2018-05-06,93.0
2018-05-07,89.0
2018-05-08,100.0
2018-05-09,111.0
2018-05-10,110.0
2018-05-11,123.0
2018-05-12,99.0
2018-05-13,103.0
2018-05-14,118.0
2018-05-15,116.0
2018-05-16,109.0
2018-05-17,120.0
2018-05-18,106.0
2018-05-19,86.0
2018-05-20,118.0
2018-05-21,111.0
2018-05-22,97.0
2018-05-23,105.0
2018-05-24,95.0
2018-05-25,96.0
2018-05-26,80.0
2018-05-27,89.0
2018-05-28,98.0
2018-05-29,125.0
2018-05-30,92.0
2018-05-31,96.0
2018-06-01,94.0
2018-06-02,70.0
2018-06-03,103.0
2018-06-04,98.0
2018-06-05,92.0
2018-06-06,89.0
2018-06-07,72.0
2018-06-08,80.0
2018-06-09,76.0
2018-06-10,79.0
2018-06-11,90.0
2018-06-12,78.0
2018-06-13,77.0
2018-06-14,92.0
2018-06-15,79.0
2018-06-16,58.0
2018-06-17,70.0
2018-06-18,86.0
2018-06-19,100.0
2018-06-20,85.0
2018-06-21,76.0
2018-06-22,87.0
2018-06-23,65.0
2018-06-24,82.0
2018-06-25,81.0
2018-06-26,61.0
2018-06-27,79.0
2018-06-28,84.0
2018-06-29,83.0
2018-06-30,63.0
2018-07-01,81.0
2018-07-02,88.0
2018-07-03,69.0
2018-07-07,480.0
2018-07-08,548.0
2018-07-10,225.0
2018-07-11,92.0
2018-07-12,81.0
2018-07-13,65.0
2018-07-14,57.0
2018-07-15,73.0
2018-07-16,79.0
2018-07-17,98.0
2018-07-18,72.0
2018-07-19,71.0
2018-07-20,88.0
2018-07-21,69.0
2018-07-22,64.0
2018-07-23,93.0
2018-07-24,77.0
2018-07-25,82.0
2018-07-26,101.0
2018-07-27,94.0
2018-07-28,90.0
2018-07-29,75.0
2018-07-30,101.0
2018-07-31,84.0
2018-08-01,108.0
2018-08-02,92.0
2018-08-03,89.0
2018-08-04,92.0
2018-08-05,65.0
2018-08-06,107.0
2018-08-07,136.0
2018-08-08,115.0
2018-08-09,119.0
2018-08-10,101.0
2018-08-11,81.0
2018-08-12,90.0
2018-08-13,99.0
2018-08-14,117.0
2018-08-15,158.0
2018-08-16,273.0
2018-08-17,161.0
2018-08-18,128.0
2018-08-19,263.0
2018-08-20,179.0
2018-08-21,136.0
2018-08-22,76.0
2018-08-23,89.0
2018-08-24,85.0
2018-08-25,74.0
2018-08-26,75.0
2018-08-27,97.0
2018-08-28,89.0
2018-08-29,92.0
2018-08-30,78.0
2018-08-31,73.0
2018-09-01,78.0
2018-09-02,85.0
2018-09-03,85.0
2018-09-04,81.0
2018-09-05,105.0
2018-09-06,86.0
2018-09-07,72.0
2018-09-08,69.0
2018-09-09,58.0
2018-09-10,94.0
2018-09-11,78.0
2018-09-12,78.0
2018-09-13,70.0
2018-09-14,69.0
2018-09-15,58.0
2018-09-16,58.0
2018-09-17,90.0
2018-09-18,66.0
2018-09-19,59.0
2018-09-20,69.0
2018-09-21,51.0
2018-09-22,64.0
2018-09-23,68.0
2018-09-24,64.0
2018-09-25,58.0
2018-09-26,61.0
2018-09-27,62.0
2018-09-28,65.0
2018-09-29,70.0
2018-09-30,84.0
2018-10-01,67.0
2018-10-02,85.0
2018-10-03,86.0
2018-10-04,78.0
2018-10-05,73.0
2018-10-06,52.0
2018-10-07,53.0
2018-10-08,80.0
2018-10-09,71.0
2018-10-10,56.0
2018-10-11,80.0
2018-10-12,68.0
2018-10-13,53.0
2018-10-14,70.0
2018-10-15,64.0
2018-10-16,120.0
2018-10-17,89.0
2018-10-18,65.0
2018-10-19,51.0
2018-10-20,39.0
2018-10-21,49.0
2018-10-22,54.0
2018-10-23,58.0
2018-10-24,44.0
2018-10-25,63.0
2018-10-26,41.0
2018-10-27,46.0
2018-10-28,40.0
2018-10-29,52.0
2018-10-30,50.0
2018-10-31,47.0
2018-11-01,56.0
2018-11-02,60.0
2018-11-03,53.0
2018-11-04,59.0
2018-11-05,78.0
2018-11-06,69.0
2018-11-07,47.0
2018-11-08,169.0
2018-11-09,109.0
2018-11-10,113.0
2018-11-11,192.0
2018-11-12,122.0
2018-11-13,75.0
2018-11-14,58.0
2018-11-15,54.0
2018-11-16,59.0
2018-11-17,53.0
2018-11-18,61.0
2018-11-19,444.0
2018-11-20,421.0
2018-11-21,433.0
2018-11-22,460.0
2018-11-24,526.0
2018-11-25,509.0
2018-11-26,585.0
2018-11-27,405.0
2018-11-28,213.0
2018-11-29,211.0
2018-11-30,215.0
2018-12-01,210.0
2018-12-02,324.0
2018-12-03,384.0
2018-12-04,257.0
2018-12-05,258.0
2018-12-06,218.0
2018-12-07,211.0
2018-12-08,219.0
2018-12-09,232.0
2018-12-10,304.0
2018-12-11,273.0
2018-12-12,309.0
2018-12-13,288.0
2018-12-14,271.0
2018-12-15,266.0
2018-12-16,242.0
2018-12-17,295.0
2018-12-18,250.0
2018-12-19,226.0
2018-12-20,194.0
2018-12-21,178.0
2018-12-22,132.0
2018-12-23,103.0
2018-12-24,122.0
2018-12-25,143.0
2018-12-26,202.0
2018-12-27,179.0
2018-12-28,208.0
2018-12-29,153.0
2018-12-30,160.0
2018-12-31,156.0
2019-01-01,161.0
2019-01-02,222.0
2019-01-03,165.0
2019-01-04,92.0
2019-01-05,70.0
2019-01-06,81.0
2019-01-07,96.0
2019-01-08,99.0
2019-01-09,116.0
2019-01-10,106.0
2019-01-11,86.0
2019-01-12,60.0
2019-01-13,58.0
2019-01-14,84.0
2019-01-15,81.0
2019-01-16,102.0
2019-01-17,98.0
2019-01-18,83.0
2019-01-19,85.0
2019-01-20,99.0
2019-01-21,89.0
2019-01-22,106.0
2019-01-23,91.0
2019-01-24,96.0
2019-01-25,89.0
2019-01-26,102.0
2019-01-27,108.0
2019-01-28,117.0
2019-01-29,103.0
2019-01-30,140.0
2019-01-31,112.0
2019-02-01,136.0
2019-02-02,128.0
2019-02-03,127.0
2019-02-04,141.0
2019-02-05,146.0
2019-02-06,151.0
2019-02-07,151.0
2019-02-08,168.0
2019-02-09,169.0
2019-02-10,178.0
2019-02-11,186.0
2019-02-12,199.0
2019-02-13,176.0
2019-02-14,157.0
2019-02-15,158.0
2019-02-16,168.0
2019-02-17,171.0
2019-02-18,210.0
2019-02-19,163.0
2019-02-20,166.0
2019-02-21,146.0
2019-02-22,168.0
2019-02-23,150.0
2019-02-24,186.0
2019-02-25,188.0
2019-02-26,159.0
2019-02-27,187.0
2019-02-28,166.0
2019-03-01,186.0
2019-03-02,157.0
2019-03-03,193.0
2019-03-04,176.0
2019-03-05,169.0
2019-03-06,142.0
2019-03-07,158.0
2019-03-08,157.0
2019-03-09,158.0
2019-03-10,164.0
2019-03-11,158.0
2019-03-12,152.0
2019-03-13,164.0
2019-03-14,157.0
2019-03-15,169.0
2019-03-16,149.0
2019-03-17,147.0
2019-03-18,162.0
2019-03-19,149.0
2019-03-20,162.0
2019-03-21,143.0
2019-03-22,175.0
2019-03-23,143.0
2019-03-24,172.0
2019-03-25,144.0
2019-03-26,168.0
2019-03-27,166.0
2019-03-28,153.0
2019-03-29,171.0
2019-03-30,161.0
2019-03-31,175.0
2019-04-01,177.0
2019-04-02,166.0
2019-04-03,156.0
2019-04-04,155.0
2019-04-05,145.0
2019-04-06,146.0
2019-04-07,154.0
2019-04-08,145.0
2019-04-09,155.0
2019-04-10,152.0
2019-04-11,198.0
2019-04-12,185.0
2019-04-13,148.0
2019-04-14,153.0
2019-04-15,158.0
2019-04-16,157.0
2019-04-17,171.0
2019-04-18,152.0
2019-04-19,168.0
2019-04-20,149.0
2019-04-21,148.0
2019-04-22,171.0
2019-04-23,142.0
2019-04-24,174.0
2019-04-25,139.0
2019-04-26,131.0
2019-04-27,121.0
2019-04-28,134.0
2019-04-29,154.0
2019-04-30,129.0
2019-05-01,160.0
2019-05-02,160.0
2019-05-03,162.0
2019-05-04,141.0
2019-05-05,153.0
2019-05-06,169.0
2019-05-07,176.0
2019-05-08,180.0
2019-05-09,154.0
2019-05-10,147.0
2019-05-11,135.0
2019-05-12,124.0
2019-05-13,151.0
2019-05-14,139.0
2019-05-15,148.0
2019-05-16,144.0
2019-05-17,226.0
2019-05-18,164.0
2019-05-19,163.0
2019-05-20,171.0
2019-05-21,149.0
2019-05-22,163.0
2019-05-23,167.0
2019-05-24,143.0
2019-05-25,132.0
2019-05-26,117.0
2019-05-27,134.0
2019-05-28,159.0
2019-05-29,146.0
2019-05-30,150.0
2019-05-31,125.0
2019-06-01,122.0
2019-06-02,110.0
2019-06-03,177.0
2019-06-04,151.0
2019-06-05,145.0
2019-06-06,133.0
2019-06-07,132.0
2019-06-08,125.0
2019-06-09,146.0
2019-06-10,157.0
2019-06-11,160.0
2019-06-12,159.0
2019-06-13,171.0
2019-06-14,165.0
2019-06-15,162.0
2019-06-16,159.0
2019-06-17,159.0
2019-06-18,149.0
2019-06-19,146.0
2019-06-20,165.0
2019-06-21,135.0
2019-06-22,128.0
2019-06-23,125.0
2019-06-24,137.0
2019-06-25,138.0
2019-06-26,152.0
2019-06-27,146.0
2019-06-28,140.0
2019-06-29,159.0
2019-06-30,158.0
2019-07-01,131.0
2019-07-02,124.0
2019-07-03,137.0
2019-07-04,100.0
2019-07-05,114.0
2019-07-06,100.0
2019-07-07,109.0
2019-07-08,137.0
2019-07-09,116.0
2019-07-10,108.0
2019-07-11,475.0
2019-07-12,358.0
2019-07-13,289.0
2019-07-14,335.0
2019-07-15,387.0
2019-07-16,506.0
2019-07-17,191.0
2019-07-18,109.0
2019-07-19,102.0
2019-07-20,82.0
2019-07-21,85.0
2019-07-22,99.0
2019-07-23,119.0
2019-07-24,109.0
2019-07-25,113.0
2019-07-26,112.0
2019-07-27,91.0
2019-07-28,100.0
2019-07-29,101.0
2019-07-30,99.0
2019-07-31,98.0
2019-08-01,141.0
2019-08-02,117.0
2019-08-03,91.0
2019-08-04,123.0
2019-08-05,130.0
2019-08-06,132.0
2019-08-07,140.0
2019-08-08,112.0
2019-08-09,101.0
2019-08-10,94.0
2019-08-11,100.0
2019-08-12,118.0
2019-08-13,132.0
2019-08-14,111.0
2019-08-15,120.0
2019-08-16,102.0
2019-08-17,103.0
2019-08-18,105.0
2019-08-19,137.0
2019-08-20,90.0
2019-08-21,136.0
2019-08-22,125.0
2019-08-23,117.0
2019-08-24,96.0
2019-08-25,138.0
2019-08-26,130.0
2019-08-27,199.0
2019-08-28,199.0
2019-08-29,167.0
2019-08-30,147.0
2019-08-31,129.0
2019-09-01,126.0
2019-09-02,153.0
2019-09-03,163.0
2019-09-04,156.0
2019-09-05,153.0
2019-09-06,111.0
2019-09-07,138.0
2019-09-08,121.0
2019-09-09,156.0
2019-09-10,150.0
2019-09-11,139.0
2019-09-12,160.0
2019-09-13,137.0
2019-09-14,118.0
2019-09-15,140.0
2019-09-16,135.0
2019-09-17,153.0
2019-09-18,126.0
2019-09-19,145.0
2019-09-20,116.0
2019-09-21,113.0
2019-09-22,127.0
2019-09-23,142.0
2019-09-24,133.0
2019-09-25,120.0
2019-09-26,121.0
2019-09-27,112.0
2019-09-28,113.0
2019-09-29,105.0
2019-09-30,153.0
2019-10-01,165.0
2019-10-02,153.0
2019-10-03,145.0
2019-10-04,109.0
2019-10-05,106.0
2019-10-06,113.0
2019-10-07,138.0
2019-10-08,139.0
2019-10-09,135.0
2019-10-10,99.0
2019-10-11,106.0
2019-10-12,104.0
2019-10-13,107.0
2019-10-14,122.0
2019-10-15,139.0
2019-10-16,135.0
2019-10-17,125.0
2019-10-18,162.0
2019-10-19,130.0
2019-10-20,100.0
2019-10-21,150.0
2019-10-22,106.0
2019-10-23,124.0
2019-10-24,105.0
2019-10-25,94.0
2019-10-26,103.0
2019-10-27,95.0
2019-10-28,127.0
2019-10-29,122.0
2019-10-30,100.0
2019-10-31,107.0
2019-11-01,113.0
2019-11-02,89.0
2019-11-03,128.0
2019-11-04,134.0
2019-11-05,117.0
2019-11-06,126.0
2019-11-07,100.0
2019-11-08,88.0
2019-11-09,77.0
2019-11-10,95.0
2019-11-11,108.0
2019-11-12,124.0
2019-11-13,118.0
2019-11-14,107.0
2019-11-15,125.0
2019-11-16,93.0
2019-11-17,97.0
2019-11-18,116.0
2019-11-19,145.0
2019-11-20,137.0
2019-11-21,104.0
2019-11-26,501.0
2019-11-27,530.0
2019-12-04,441.0
2019-12-05,376.0
2019-12-06,310.0
2019-12-07,290.0
2019-12-08,352.0
2019-12-09,413.0
2019-12-10,327.0
2019-12-11,351.0
2019-12-12,579.0
2019-12-13,416.0
2019-12-14,162.0
2019-12-15,153.0
2019-12-16,178.0
2019-12-17,180.0
2019-12-18,149.0
2019-12-19,130.0
2019-12-20,125.0
2019-12-21,107.0
2019-12-22,124.0
2019-12-23,120.0
2019-12-24,94.0
2019-12-25,94.0
2019-12-26,133.0
2019-12-27,162.0
2019-12-28,121.0
2019-12-29,117.0
2019-12-30,135.0
2019-12-31,559.0
2020-01-01,292.0
2020-01-02,219.0
2020-01-03,134.0
2020-01-04,138.0
2020-01-05,119.0
2020-01-06,126.0
2020-01-07,124.0
2020-01-08,113.0
2020-01-09,107.0
2020-01-10,103.0
2020-01-11,108.0
2020-01-12,118.0
2020-01-13,130.0
2020-01-14,149.0
2020-01-15,134.0
2020-01-16,154.0
2020-01-17,136.0
2020-01-18,111.0
2020-01-19,114.0
2020-01-20,135.0
2020-01-21,166.0
2020-01-22,153.0
2020-01-23,121.0
2020-01-24,141.0
2020-01-25,190.0
2020-01-26,151.0
2020-01-27,140.0
2020-01-28,138.0
2020-01-29,162.0
2020-01-30,142.0
2020-01-31,160.0
2020-02-01,132.0
2020-02-02,132.0
2020-02-03,149.0
2020-02-04,140.0
2020-02-05,143.0
2020-02-06,131.0
2020-02-07,143.0
2020-02-08,118.0
2020-02-09,125.0
2020-02-10,155.0
2020-02-11,128.0
2020-02-12,105.0
2020-02-13,299.0
2020-02-14,291.0
2020-02-15,197.0
2020-02-16,170.0
2020-02-17,288.0
2020-02-18,177.0
2020-02-19,139.0
2020-02-20,138.0
2020-02-21,145.0
2020-02-22,152.0
2020-02-23,109.0
2020-02-24,129.0
2020-02-25,401.0
2020-02-26,242.0
2020-02-27,254.0
2020-02-28,182.0
2020-02-29,146.0
2020-03-01,325.0
2020-03-02,172.0
2020-03-03,146.0
2020-03-04,128.0
2020-03-05,123.0
2020-03-06,136.0
2020-03-07,117.0
2020-03-08,110.0
2020-03-09,108.0
2020-03-10,267.0
2020-03-11,167.0
2020-03-12,118.0
2020-03-13,99.0
2020-03-14,95.0
2020-03-15,167.0
2020-03-16,124.0
2020-03-17,458.0
2020-03-18,323.0
2020-03-19,406.0
2020-03-20,262.0
2020-03-21,181.0
2020-03-22,389.0
2020-03-23,139.0
2020-03-24,99.0
2020-03-25,63.0
2020-03-26,82.0
2020-03-27,111.0
2020-03-28,109.0
2020-03-29,126.0
2020-03-30,87.0
2020-03-31,89.0
2020-04-01,176.0
2020-04-02,169.0
2020-04-03,112.0
2020-04-04,71.0
2020-04-05,80.0
2020-04-06,92.0
2020-04-07,91.0
2020-04-08,90.0
2020-04-09,196.0
2020-04-10,127.0
2020-04-11,120.0
2020-04-12,91.0
2020-04-13,94.0
2020-04-14,98.0
2020-04-15,105.0
2020-04-16,100.0
2020-04-17,89.0
2020-04-18,83.0
2020-04-19,119.0
2020-04-20,99.0
2020-04-22,249.0
2020-04-23,399.0
2020-04-24,180.0
2020-04-25,99.0
2020-04-26,102.0
2020-04-27,322.0
2020-04-28,146.0
2020-04-29,123.0
2020-04-30,151.0
2020-05-01,192.0
2020-05-02,119.0
2020-05-03,127.0
2020-05-04,110.0
2020-05-05,81.0
2020-05-06,90.0
2020-05-07,85.0
2020-05-08,102.0
2020-05-09,83.0
2020-05-10,71.0
2020-05-11,79.0
2020-05-12,179.0
2020-05-13,107.0
2020-05-14,91.0
2020-05-15,78.0
2020-05-16,60.0
2020-05-17,171.0
2020-05-18,147.0
2020-05-19,98.0
2020-05-20,101.0
2020-05-22,243.0
2020-05-23,242.0
2020-05-24,171.0
2020-05-25,320.0
2020-05-26,130.0
2020-05-27,192.0
2020-05-28,121.0
2020-05-29,68.0
2020-05-30,60.0
2020-05-31,62.0
2020-06-01,81.0
2020-06-02,49.0
2020-06-03,78.0
2020-06-04,73.0
2020-06-05,55.0
2020-06-06,67.0
2020-06-07,66.0
2020-06-08,57.0
2020-06-09,54.0
2020-06-10,481.0
2020-06-11,350.0
2020-06-12,219.0
2020-06-13,178.0
2020-06-14,168.0
2020-06-15,165.0
2020-06-16,150.0
2020-06-17,286.0
2020-06-18,177.0
2020-06-19,187.0
2020-06-20,135.0
2020-06-21,285.0
2020-06-22,129.0
2020-06-23,47.0
2020-06-24,53.0
2020-06-25,83.0
2020-06-26,96.0
2020-06-27,67.0
2020-06-28,66.0
2020-06-29,87.0
2020-06-30,75.0
2020-07-01,204.0
2020-07-02,173.0
2020-07-03,168.0
2020-07-04,114.0
2020-07-05,170.0
2020-07-06,135.0
2020-07-07,57.0
2020-07-08,70.0
2020-07-09,85.0
2020-07-10,70.0
2020-07-11,62.0
2020-07-12,62.0
2020-07-13,77.0
2020-07-14,95.0
2020-07-15,87.0
2020-07-16,86.0
2020-07-17,69.0
2020-07-18,64.0
2020-07-19,54.0
2020-07-20,67.0
2020-07-21,91.0
2020-07-22,75.0
2020-07-23,57.0
2020-07-24,83.0
2020-07-25,42.0
2020-07-26,45.0
2020-07-27,60.0
2020-07-28,64.0
2020-07-29,68.0
2020-07-30,59.0
2020-07-31,64.0
2020-08-01,68.0
2020-08-02,60.0
2020-08-03,64.0
2020-08-04,150.0
2020-08-05,119.0
2020-08-06,88.0
2020-08-07,84.0
2020-08-08,79.0
2020-08-09,80.0
2020-08-10,78.0
2020-08-11,96.0
2020-08-12,107.0
2020-08-13,72.0
2020-08-14,80.0
2020-08-15,71.0
2020-08-16,123.0
2020-08-17,73.0
2020-08-18,62.0
2020-08-19,54.0
2020-08-20,46.0
2020-08-21,74.0
2020-08-22,55.0
2020-08-23,491.0
2020-08-24,326.0
2020-08-25,193.0
2020-08-26,238.0
2020-08-27,149.0
2020-08-28,152.0
2020-08-29,126.0
2020-08-30,249.0
2020-08-31,156.0
2020-09-01,78.0
2020-09-02,170.0
2020-09-03,189.0
2020-09-04,148.0
2020-09-05,116.0
2020-09-06,101.0
2020-09-07,170.0
2020-09-08,125.0
2020-09-09,59.0
2020-09-10,56.0
2020-09-11,60.0
2020-09-12,47.0
2020-09-13,48.0
2020-09-14,66.0
2020-09-15,54.0
2020-09-16,57.0
2020-09-17,204.0
2020-09-18,198.0
2020-09-19,116.0
2020-09-20,158.0
2020-09-21,148.0
2020-09-22,123.0
2020-09-23,148.0
2020-09-24,112.0
2020-09-25,117.0
2020-09-26,87.0
2020-09-27,202.0
2020-09-28,105.0
2020-09-29,68.0
2020-09-30,85.0
2020-10-01,55.0
2020-10-02,49.0
2020-10-03,36.0
2020-10-04,42.0
2020-10-05,49.0
2020-10-06,139.0
2020-10-07,125.0
2020-10-08,61.0
2020-10-09,47.0
2020-10-10,30.0
2020-10-11,47.0
2020-10-12,58.0
2020-10-13,328.0
2020-10-14,235.0
2020-10-15,143.0
2020-10-16,43.0
2020-10-17,45.0
2020-10-18,205.0
2020-10-19,319.0
2020-10-20,291.0
2020-10-21,106.0
2020-10-22,35.0
2020-10-23,50.0
2020-10-24,40.0
2020-10-25,44.0
2020-10-26,45.0
2020-10-27,38.0
2020-10-28,46.0
2020-10-29,40.0
2020-10-30,50.0
2020-10-31,33.0
2020-11-01,39.0
2020-11-02,44.0
2020-11-03,46.0
2020-11-04,33.0
2020-11-05,40.0
2020-11-06,119.0
2020-11-07,73.0
2020-11-08,55.0
2020-11-09,229.0
2020-11-10,318.0
2020-11-11,200.0
2020-11-12,158.0
2020-11-13,348.0
2020-11-14,181.0
2020-11-15,36.0
2020-11-16,41.0
2020-11-17,50.0
2020-11-18,61.0
2020-11-19,484.0
2020-11-20,479.0
2020-11-21,187.0
2020-11-22,479.0
2020-11-23,372.0
2020-11-24,216.0
2020-11-25,172.0
2020-11-26,166.0
2020-11-27,456.0
2020-11-28,355.0
2020-11-29,283.0
2020-11-30,397.0
2020-12-01,267.0
2020-12-02,173.0
2020-12-03,155.0
2020-12-04,138.0
2020-12-05,122.0
2020-12-06,176.0
2020-12-07,230.0
2020-12-08,181.0
2020-12-09,212.0
2020-12-10,183.0
2020-12-11,234.0
2020-12-12,196.0
2020-12-13,163.0
2020-12-14,141.0
2020-12-15,111.0
2020-12-16,93.0
2020-12-17,73.0
2020-12-18,65.0
2020-12-19,53.0
2020-12-20,56.0
2020-12-21,82.0
2020-12-22,54.0
2020-12-23,53.0
2020-12-24,46.0
2020-12-25,56.0
2020-12-26,66.0
2020-12-27,63.0
2020-12-28,142.0
2020-12-29,309.0
2020-12-30,162.0
2020-12-31,170.0
2021-01-01,141.0
2021-01-02,82.0
2021-01-03,120.0
2021-01-04,155.0
2021-01-05,71.0
2021-01-06,64.0
2021-01-07,55.0
2021-01-08,66.0
2021-01-09,47.0
2021-01-10,59.0
2021-01-11,66.0
2021-01-12,44.0
2021-01-13,56.0
2021-01-14,48.0
2021-01-15,55.0
2021-01-16,47.0
2021-01-17,52.0
2021-01-18,52.0
2021-01-19,85.0
2021-01-20,85.0
2021-01-21,67.0
2021-01-22,75.0
2021-01-23,51.0
2021-01-24,105.0
2021-01-25,84.0
2021-01-26,78.0
2021-01-27,59.0
2021-01-28,65.0
2021-01-29,66.0
2021-01-30,61.0
2021-01-31,83.0
2021-02-01,77.0
2021-02-02,63.0
2021-02-03,51.0
2021-02-04,65.0
2021-02-05,52.0
2021-02-06,42.0
2021-02-07,146.0
2021-02-08,106.0
2021-02-09,128.0
2021-02-10,102.0
2021-02-11,106.0
2021-02-12,89.0
2021-02-13,52.0
2021-02-14,81.0
2021-02-15,79.0
2021-02-16,227.0
2021-02-17,126.0
2021-02-18,56.0
2021-02-19,56.0
2021-02-20,54.0
2021-02-21,333.0
2021-02-22,213.0
2021-02-23,120.0
2021-02-24,115.0
2021-02-25,144.0
2021-02-26,115.0
2021-02-27,139.0
2021-02-28,95.0
2021-03-01,117.0
2021-03-02,105.0
2021-03-03,122.0
2021-03-04,125.0
2021-03-05,98.0
2021-03-06,82.0
2021-03-07,69.0
2021-03-08,186.0
2021-03-09,104.0
2021-03-10,137.0
2021-03-11,162.0
2021-03-12,212.0
2021-03-13,109.0
2021-03-14,197.0
2021-03-15,217.0
2021-03-16,200.0
2021-03-17,250.0
2021-03-18,259.0
2021-03-19,244.0
2021-03-20,112.0
2021-03-21,106.0
2021-03-22,121.0
2021-03-23,103.0
2021-03-24,108.0
2021-03-25,178.0
2021-03-26,213.0
2021-03-27,157.0
2021-03-28,201.0
2021-03-29,167.0
2021-03-30,103.0
2021-03-31,112.0
2021-04-01,125.0
2021-04-02,103.0
2021-04-03,91.0
2021-04-04,77.0
2021-04-05,99.0
2021-04-06,84.0
2021-04-07,102.0
2021-04-08,114.0
2021-04-09,111.0
2021-04-10,73.0
2021-04-11,79.0
2021-04-12,100.0
2021-04-13,97.0
2021-04-14,108.0
2021-04-15,127.0
2021-04-16,112.0
2021-04-17,97.0
2021-04-18,83.0
2021-04-19,107.0
2021-04-20,133.0
2021-04-21,122.0
2021-04-22,110.0
2021-04-23,95.0
2021-04-24,103.0
2021-04-25,115.0
2021-04-26,103.0
2021-04-27,97.0
2021-04-28,103.0
2021-04-29,189.0
2021-04-30,216.0
2021-05-01,207.0
2021-05-02,144.0
2021-05-03,144.0
2021-05-04,120.0
2021-05-05,113.0
2021-05-06,78.0
2021-05-07,75.0
2021-05-08,61.0
2021-05-09,77.0
2021-05-10,85.0
2021-05-12,140.0
2021-05-13,211.0
2021-05-14,113.0
2021-05-15,82.0
2021-05-16,130.0
2021-05-17,101.0
2021-05-18,83.0
2021-05-19,94.0
2021-05-20,80.0
2021-05-21,98.0
2021-05-22,64.0
2021-05-23,71.0
2021-05-24,113.0
2021-05-25,113.0
2021-05-26,72.0
2021-05-27,95.0
2021-05-28,95.0
2021-05-29,80.0
2021-05-30,87.0
2021-05-31,108.0
2021-06-01,107.0
2021-06-02,71.0
2021-06-03,91.0
2021-06-04,82.0
2021-06-05,77.0
2021-06-06,62.0
2021-06-07,126.0
2021-06-08,112.0
2021-06-09,106.0
2021-06-10,83.0
2021-06-11,89.0
2021-06-12,57.0
2021-06-13,90.0
2021-06-14,109.0
2021-06-15,83.0
2021-06-16,100.0
2021-06-17,74.0
2021-06-18,91.0
2021-06-19,79.0
2021-06-20,57.0
2021-06-21,434.0
2021-06-22,262.0
2021-06-23,211.0
2021-06-24,236.0
2021-06-25,222.0
2021-06-26,136.0
2021-06-27,360.0
2021-06-28,217.0
2021-06-29,56.0
2021-06-30,57.0
2021-07-01,50.0
2021-07-02,51.0
2021-07-03,63.0
2021-07-04,58.0
2021-07-05,71.0
2021-07-06,58.0
2021-07-07,67.0
2021-07-08,69.0
2021-07-09,71.0
2021-07-10,66.0
2021-07-11,60.0
2021-07-12,59.0
2021-07-13,84.0
2021-07-14,72.0
2021-07-15,85.0
2021-07-16,83.0
2021-07-17,58.0
2021-07-18,105.0
2021-07-19,96.0
2021-07-20,74.0
2021-07-21,105.0
2021-07-22,88.0
2021-07-23,94.0
2021-07-24,71.0
2021-07-25,150.0
2021-07-26,118.0
2021-07-27,156.0
2021-07-28,87.0
2021-07-29,93.0
2021-07-30,147.0
2021-07-31,70.0
2021-08-01,112.0
2021-08-02,110.0
2021-08-03,103.0
2021-08-04,102.0
2021-08-05,147.0
2021-08-06,118.0
2021-08-07,96.0
2021-08-08,109.0
2021-08-09,121.0
2021-08-10,98.0
2021-08-11,95.0
2021-08-12,106.0
2021-08-13,62.0
2021-08-14,64.0
2021-08-15,93.0
2021-08-16,103.0
2021-08-17,81.0
2021-08-18,392.0
2021-08-19,214.0
2021-08-20,210.0
2021-08-21,169.0
2021-08-22,127.0
2021-08-23,157.0
2021-08-24,180.0
2021-08-25,153.0
2021-08-26,145.0
2021-08-27,111.0
2021-08-28,89.0
2021-08-29,90.0
2021-08-30,120.0
2021-08-31,116.0
2021-09-01,111.0
2021-09-02,125.0
2021-09-03,175.0
2021-09-04,142.0
2021-09-05,580.0
2021-09-06,160.0
2021-09-07,150.0
2021-09-08,90.0
2021-09-09,69.0
2021-09-10,94.0
2021-09-13,172.0
2021-09-14,95.0
2021-09-15,155.0
2021-09-16,117.0
2021-09-17,93.0
2021-09-18,85.0
2021-09-19,110.0
2021-09-20,95.0
2021-09-21,121.0
2021-09-22,132.0
2021-09-23,107.0
2021-09-24,120.0
2021-09-25,87.0
2021-09-26,92.0
2021-09-27,98.0
2021-09-28,116.0
2021-09-29,121.0
2021-09-30,114.0
2021-10-01,100.0
2021-10-02,79.0
2021-10-03,123.0
2021-10-04,121.0
2021-10-05,79.0
2021-10-06,120.0
2021-10-07,124.0
2021-10-08,105.0
2021-10-09,81.0
2021-10-10,76.0
2021-10-11,118.0
2021-10-12,82.0
2021-10-13,92.0
2021-10-14,91.0
2021-10-15,111.0
2021-10-16,73.0
2021-10-17,76.0
2021-10-18,83.0
2021-10-19,92.0
2021-10-20,116.0
2021-10-21,112.0
2021-10-22,102.0
2021-10-23,96.0
2021-10-24,101.0
2021-10-25,94.0
2021-10-26,107.0
2021-10-27,90.0
2021-10-28,80.0
2021-10-29,80.0
2021-10-30,73.0
2021-10-31,71.0
2021-11-01,87.0
2021-11-02,100.0
2021-11-03,89.0
2021-11-04,88.0
2021-11-05,94.0
2021-11-06,82.0
2021-11-07,86.0
2021-11-08,97.0
2021-11-09,80.0
2021-11-10,94.0
2021-11-11,104.0
2021-11-12,86.0
2021-11-13,72.0
2021-11-14,80.0
2021-11-15,167.0
2021-11-16,152.0
2021-11-17,195.0
2021-11-18,431.0
2021-11-19,321.0
2021-11-20,101.0
2021-11-21,93.0
2021-11-22,110.0
2021-11-23,134.0
2021-11-24,174.0
2021-11-25,580.0
2021-11-27,476.0
2021-11-28,352.0
2021-11-29,409.0
2021-11-30,517.0
2021-12-01,278.0
2021-12-02,179.0
2021-12-03,137.0
2021-12-04,113.0
2021-12-05,94.0
2021-12-06,122.0
2021-12-07,95.0
2021-12-08,133.0
2021-12-09,140.0
2021-12-10,141.0
2021-12-11,101.0
2021-12-12,107.0
2021-12-13,121.0
2021-12-14,136.0
2021-12-15,121.0
2021-12-16,93.0
2021-12-17,131.0
2021-12-18,90.0
2021-12-19,89.0
2021-12-20,113.0
2021-12-21,146.0
2021-12-22,105.0
2021-12-23,108.0
2021-12-24,72.0
2021-12-25,87.0
2021-12-26,84.0
2021-12-27,79.0
2021-12-28,80.0
2021-12-29,102.0
2021-12-30,134.0
2021-12-31,67.0
2022-01-01,76.0
2022-01-02,82.0
2022-01-03,101.0
2022-01-04,85.0
2022-01-05,186.0
2022-01-06,75.0
2022-01-07,116.0
2022-01-08,76.0
2022-01-09,107.0
2022-01-10,97.0
2022-01-11,100.0
2022-01-12,168.0
2022-01-13,97.0
2022-01-14,107.0
2022-01-15,82.0
2022-01-16,89.0
2022-01-17,102.0
2022-01-18,161.0
2022-01-19,168.0
2022-01-20,331.0
2022-01-21,136.0
2022-01-22,107.0
2022-01-23,116.0
2022-01-24,134.0
2022-01-25,124.0
2022-01-26,109.0
2022-01-27,145.0
2022-01-28,134.0
2022-01-29,90.0
2022-01-30,127.0
2022-01-31,121.0
2022-02-01,95.0
2022-02-02,96.0
2022-02-03,174.0
2022-02-04,106.0
2022-02-05,87.0
2022-02-06,81.0
2022-02-07,97.0
2022-02-08,100.0
2022-02-09,88.0
2022-02-10,95.0
2022-02-11,134.0
2022-02-12,77.0
2022-02-13,88.0
2022-02-14,116.0
2022-02-15,99.0
2022-02-16,95.0
2022-02-17,113.0
2022-02-18,90.0
2022-02-19,84.0
2022-02-20,155.0
2022-02-21,126.0
2022-02-22,125.0
2022-02-23,155.0
2022-02-24,130.0
2022-02-25,160.0
2022-02-26,97.0
2022-02-27,119.0
2022-02-28,144.0
2022-03-01,150.0
2022-03-02,112.0
2022-03-03,132.0
2022-03-04,118.0
2022-03-05,107.0
2022-03-06,109.0
2022-03-07,148.0
2022-03-08,131.0
2022-03-09,118.0
2022-03-10,96.0
2022-03-11,96.0
2022-03-12,98.0
2022-03-13,110.0
2022-03-14,153.0
2022-03-15,112.0
2022-03-16,88.0
2022-03-17,115.0
2022-03-18,109.0
2022-03-19,104.0
2022-03-20,136.0
2022-03-21,133.0
2022-03-22,209.0
2022-03-23,135.0
2022-03-24,190.0
2022-03-25,98.0
2022-03-26,95.0
2022-03-27,127.0
2022-03-28,99.0
2022-03-29,122.0
2022-03-30,137.0
2022-03-31,123.0
2022-04-01,193.0
2022-04-02,129.0
2022-04-03,116.0
2022-04-04,152.0
2022-04-05,121.0
2022-04-06,127.0
2022-04-07,113.0
2022-04-08,106.0
2022-04-09,112.0
2022-04-10,122.0
2022-04-11,149.0
2022-04-12,162.0
2022-04-13,140.0
2022-04-14,144.0
2022-04-15,131.0
2022-04-16,111.0
2022-04-17,106.0
2022-04-18,115.0
2022-04-19,128.0
2022-04-20,112.0
2022-04-21,136.0
2022-04-22,109.0
2022-04-23,89.0
2022-04-24,104.0
2022-04-25,107.0
2022-04-26,162.0
2022-04-28,265.0
2022-04-29,224.0
2022-04-30,118.0
2022-05-01,123.0
2022-05-02,172.0
2022-05-03,168.0
2022-05-04,155.0
2022-05-05,125.0
2022-05-06,134.0
2022-05-07,124.0
2022-05-08,102.0
2022-05-09,163.0
2022-05-10,159.0
2022-05-11,130.0
2022-05-12,159.0
2022-05-13,123.0
2022-05-14,92.0
2022-05-15,107.0
2022-05-16,186.0
2022-05-17,195.0
2022-05-18,183.0
2022-05-19,159.0
2022-05-20,190.0
2022-05-21,170.0
2022-05-22,242.0
2022-05-23,247.0
2022-05-24,229.0
2022-05-25,198.0
2022-05-26,217.0
2022-05-27,162.0
2022-05-28,107.0
2022-05-29,178.0
2022-05-30,156.0
2022-05-31,181.0
2022-06-01,197.0
2022-06-02,165.0
2022-06-03,162.0
2022-06-04,107.0
2022-06-05,126.0
2022-06-06,164.0
2022-06-07,256.0
2022-06-08,297.0
2022-06-09,206.0
2022-06-10,180.0
2022-06-11,129.0
2022-06-12,158.0
2022-06-13,160.0
2022-06-14,172.0
2022-06-15,139.0
2022-06-16,198.0
2022-06-17,149.0
2022-06-18,115.0
2022-06-19,105.0
2022-06-20,167.0
2022-06-21,163.0
2022-06-22,162.0
2022-06-23,219.0
2022-06-24,139.0
2022-06-25,132.0
2022-06-26,116.0
2022-06-27,191.0
2022-06-28,140.0
2022-06-29,154.0
2022-06-30,128.0
2022-07-01,149.0
2022-07-02,115.0
2022-07-03,136.0
2022-07-04,252.0
2022-07-05,143.0
2022-07-06,130.0
2022-07-07,223.0
2022-07-08,192.0
2022-07-09,139.0
2022-07-10,144.0
2022-07-11,187.0
2022-07-12,425.0
2022-07-13,337.0
2022-07-14,287.0
2022-07-15,299.0
2022-07-16,253.0
2022-07-17,395.0
2022-07-18,221.0
2022-07-19,156.0
2022-07-20,137.0
2022-07-21,119.0
2022-07-22,251.0
2022-07-23,114.0
2022-07-24,129.0
2022-07-25,144.0
2022-07-26,154.0
2022-07-27,165.0
2022-07-28,157.0
2022-07-29,134.0
2022-07-30,116.0
2022-07-31,130.0
2022-08-01,236.0
2022-08-02,187.0
2022-08-03,189.0
2022-08-04,163.0
2022-08-05,179.0
2022-08-06,114.0
2022-08-07,127.0
2022-08-08,267.0
2022-08-09,184.0
2022-08-10,153.0
2022-08-11,139.0
2022-08-12,124.0
2022-08-13,156.0
2022-08-14,115.0
2022-08-15,178.0
2022-08-16,121.0
2022-08-17,179.0
2022-08-18,161.0
2022-08-19,265.0
2022-08-20,122.0
2022-08-21,128.0
2022-08-22,192.0
2022-08-23,186.0
2022-08-24,145.0
2022-08-25,147.0
2022-08-26,166.0
2022-08-27,116.0
2022-08-28,122.0
2022-08-29,158.0
2022-08-30,174.0
2022-08-31,267.0
2022-09-01,155.0
2022-09-02,171.0
2022-09-03,110.0
2022-09-04,143.0
2022-09-05,166.0
2022-09-06,139.0
2022-09-07,123.0
2022-09-08,149.0
2022-09-09,152.0
2022-09-10,101.0
2022-09-11,118.0
2022-09-12,184.0
2022-09-13,148.0
2022-09-14,155.0
2022-09-15,186.0
2022-09-16,153.0
2022-09-17,105.0
2022-09-18,114.0
2022-09-19,241.0
2022-09-20,174.0
2022-09-21,156.0
2022-09-22,121.0
2022-09-23,100.0
2022-09-24,79.0
2022-09-25,116.0
2022-09-26,200.0
2022-09-27,119.0
2022-09-28,123.0
2022-09-29,103.0
2022-09-30,136.0
2022-10-01,115.0
2022-10-02,77.0
2022-10-03,178.0
2022-10-04,121.0
2022-10-05,143.0
2022-10-06,97.0
2022-10-07,119.0
2022-10-08,89.0
2022-10-09,72.0
2022-10-10,184.0
2022-10-11,113.0
2022-10-12,126.0
2022-10-13,118.0
2022-10-14,95.0
2022-10-15,73.0
2022-10-16,100.0
2022-10-17,133.0
2022-10-18,109.0
2022-10-19,111.0
2022-10-20,114.0
2022-10-21,148.0
2022-10-22,102.0
2022-10-23,116.0
2022-10-24,188.0
2022-10-25,214.0
2022-10-27,242.0
2022-10-28,173.0
2022-10-29,179.0
2022-10-30,115.0
2022-10-31,155.0
2022-11-01,192.0
2022-11-02,98.0
2022-11-03,299.0
2022-11-04,283.0
2022-11-05,203.0
2022-11-06,242.0
2022-11-07,323.0
2022-11-08,272.0
2022-11-09,146.0
2022-11-10,156.0
2022-11-11,140.0
2022-11-12,125.0
2022-11-13,110.0
2022-11-14,151.0
2022-11-15,145.0
2022-11-16,117.0
2022-11-17,146.0
2022-11-18,113.0
2022-11-19,97.0
2022-11-20,80.0
2022-11-21,207.0
2022-11-27,560.0
2022-11-30,368.0
2022-12-01,300.0
2022-12-02,451.0
2022-12-03,319.0
2022-12-04,343.0
2022-12-05,394.0
2022-12-06,371.0
2022-12-07,349.0
2022-12-08,297.0
2022-12-09,375.0
2022-12-10,304.0
2022-12-11,573.0
2022-12-12,464.0
2022-12-13,222.0
2022-12-14,210.0
2022-12-15,201.0
2022-12-16,146.0
2022-12-17,142.0
2022-12-18,131.0
2022-12-19,118.0
2022-12-20,193.0
2022-12-21,106.0
2022-12-22,107.0
2022-12-23,72.0
2022-12-24,90.0
2022-12-25,66.0
2022-12-26,114.0
2022-12-27,140.0
2022-12-28,120.0
2022-12-29,117.0
2022-12-30,140.0
2022-12-31,150.0
2023-01-01,91.0
2023-01-02,124.0
2023-01-03,103.0
2023-01-04,151.0
2023-01-05,162.0
2023-01-06,136.0
2023-01-07,88.0
2023-01-08,144.0
2023-01-09,195.0
2023-01-10,143.0
2023-01-11,121.0
2023-01-12,183.0
2023-01-13,161.0
2023-01-14,99.0
2023-01-15,108.0
2023-01-16,147.0
2023-01-17,163.0
2023-01-18,142.0
2023-01-19,107.0
2023-01-20,165.0
2023-01-21,121.0
2023-01-22,109.0
2023-01-23,147.0
2023-01-24,122.0
2023-01-25,157.0
2023-01-26,118.0
2023-01-27,102.0
2023-01-28,116.0
2023-01-29,172.0
2023-01-30,185.0
2023-01-31,278.0
2023-02-01,315.0
2023-02-03,450.0
2023-02-04,242.0
2023-02-05,339.0
2023-02-06,237.0
2023-02-07,212.0
2023-02-08,166.0
2023-02-09,175.0
2023-02-10,167.0
2023-02-11,98.0
2023-02-12,90.0
2023-02-13,151.0
2023-02-14,151.0
2023-02-15,143.0
2023-02-16,122.0
2023-02-17,122.0
2023-02-18,85.0
2023-02-19,100.0
2023-02-20,179.0
2023-02-21,110.0
2023-02-22,133.0
2023-02-23,114.0
2023-02-24,180.0
2023-02-25,90.0
2023-02-26,95.0
2023-02-27,149.0
2023-02-28,125.0
2023-03-01,165.0
2023-03-02,119.0
2023-03-03,134.0
2023-03-04,99.0
2023-03-05,103.0
2023-03-06,145.0
2023-03-07,114.0
2023-03-08,130.0
2023-03-09,105.0
2023-03-10,99.0
2023-03-11,121.0
2023-03-12,106.0
2023-03-13,141.0
2023-03-14,172.0
2023-03-15,143.0
2023-03-16,143.0
2023-03-17,126.0
2023-03-18,109.0
2023-03-19,126.0
2023-03-20,123.0
2023-03-21,188.0
2023-03-22,139.0
2023-03-23,125.0
2023-03-24,164.0
2023-03-25,85.0
2023-03-26,83.0
2023-03-27,136.0
2023-03-28,129.0
2023-03-29,100.0
2023-03-30,100.0
2023-03-31,107.0
2023-04-01,98.0
2023-04-02,96.0
2023-04-03,182.0
2023-04-04,94.0
2023-04-05,143.0
2023-04-06,125.0
2023-04-07,88.0
2023-04-08,87.0
2023-04-09,85.0
2023-04-10,143.0
2023-04-11,127.0
2023-04-12,167.0
2023-04-13,140.0
2023-04-14,124.0
2023-04-15,102.0
2023-04-16,103.0
2023-04-17,170.0
2023-04-18,120.0
2023-04-19,113.0
2023-04-20,103.0
2023-04-21,114.0
2023-04-22,74.0
2023-04-23,88.0
2023-04-24,124.0
2023-04-25,110.0
2023-04-26,119.0
2023-04-27,158.0
2023-04-28,105.0
2023-04-29,59.0
2023-04-30,127.0
2023-05-01,121.0
2023-05-02,174.0
2023-05-03,108.0
2023-05-04,111.0
2023-05-05,114.0
2023-05-06,55.0
2023-05-07,129.0
2023-05-08,193.0
2023-05-09,143.0
2023-05-10,121.0
2023-05-11,97.0
2023-05-12,106.0
2023-05-13,98.0
2023-05-14,103.0
2023-05-15,179.0
2023-05-16,154.0
2023-05-17,100.0
2023-05-18,108.0
2023-05-19,160.0
2023-05-20,104.0
2023-05-21,151.0
2023-05-22,166.0
2023-05-23,164.0
2023-05-24,118.0
2023-05-25,146.0
2023-05-26,114.0
2023-05-27,122.0
2023-05-28,119.0
2023-05-29,141.0
2023-05-30,140.0
2023-05-31,158.0
2023-06-01,146.0
2023-06-02,129.0
2023-06-03,117.0
2023-06-04,129.0
2023-06-05,176.0
2023-06-06,158.0
2023-06-07,171.0
2023-06-08,145.0
2023-06-09,133.0
2023-06-10,117.0
2023-06-11,142.0
2023-06-12,160.0
2023-06-14,495.0
2023-06-15,339.0
2023-06-16,382.0
2023-06-17,332.0
2023-06-18,324.0
2023-06-19,480.0
2023-06-20,479.0
2023-06-21,555.0
2023-06-22,214.0
2023-06-23,87.0
2023-06-24,68.0
2023-06-25,91.0
2023-06-26,173.0
2023-06-27,144.0
2023-06-28,133.0
2023-06-29,116.0
2023-06-30,129.0
2023-07-01,128.0
2023-07-02,114.0
2023-07-03,150.0
2023-07-04,97.0
2023-07-05,124.0
2023-07-06,116.0
2023-07-07,101.0
2023-07-08,81.0
2023-07-09,96.0
2023-07-10,176.0
2023-07-13,407.0
2023-07-14,101.0
2023-07-15,76.0
2023-07-16,99.0
2023-07-17,128.0
2023-07-18,131.0
2023-07-19,97.0
2023-07-20,145.0
2023-07-21,78.0
2023-07-22,88.0
2023-07-23,80.0
2023-07-24,114.0
2023-07-25,91.0
2023-07-26,113.0
2023-07-27,92.0
2023-07-28,133.0
2023-07-29,88.0
2023-07-30,102.0
2023-07-31,136.0
2023-08-01,129.0
2023-08-02,111.0
2023-08-03,141.0
2023-08-04,162.0
2023-08-05,116.0
2023-08-06,94.0
2023-08-07,150.0
2023-08-08,127.0
2023-08-09,137.0
2023-08-10,237.0
2023-08-11,163.0
2023-08-12,101.0
2023-08-13,118.0
2023-08-14,201.0
2023-08-15,140.0
2023-08-16,148.0
2023-08-17,124.0
2023-08-18,167.0
2023-08-19,79.0
2023-08-20,123.0
2023-08-21,140.0
2023-08-22,154.0
2023-08-23,142.0
2023-08-24,168.0
2023-08-25,146.0
2023-08-26,118.0
2023-08-27,124.0
2023-08-28,143.0
2023-08-29,127.0
2023-08-30,141.0
2023-08-31,142.0
2023-09-01,150.0
2023-09-02,228.0
2023-09-03,118.0
2023-09-04,154.0
2023-09-05,174.0
2023-09-06,186.0
2023-09-07,183.0
2023-09-08,275.0
2023-09-09,176.0
2023-09-10,220.0
2023-09-11,208.0
2023-09-13,445.0
2023-09-14,223.0
2023-09-15,346.0
2023-09-16,198.0
2023-09-17,187.0
2023-09-18,337.0
2023-09-20,414.0
2023-09-21,243.0
2023-09-22,164.0
2023-09-23,122.0
2023-09-24,133.0
2023-09-25,253.0
2023-09-26,151.0
2023-09-27,187.0
2023-09-28,140.0
2023-09-29,115.0
2023-09-30,102.0
2023-10-01,117.0
2023-10-02,146.0
2023-10-03,163.0
2023-10-04,107.0
2023-10-05,124.0
2023-10-06,115.0
2023-10-07,90.0
2023-10-08,95.0
2023-10-09,155.0
2023-10-10,582.0
2023-10-11,559.0
2023-10-12,402.0
2023-10-13,119.0
2023-10-14,86.0
2023-10-15,90.0
2023-10-16,165.0
2023-10-17,128.0
2023-10-18,153.0
2023-10-19,134.0
2023-10-20,94.0
2023-10-21,89.0
2023-10-22,83.0
2023-10-23,143.0
2023-10-24,144.0
2023-10-25,139.0
2023-10-26,95.0
2023-10-27,115.0
2023-10-28,92.0
2023-10-29,142.0
2023-10-30,144.0
2023-10-31,140.0
2023-11-01,105.0
2023-11-02,94.0
2023-11-03,119.0
2023-11-04,88.0
2023-11-05,88.0
2023-11-06,129.0
2023-11-07,131.0
2023-11-08,136.0
2023-11-09,105.0
2023-11-10,137.0
2023-11-11,82.0
2023-11-12,121.0
2023-11-13,155.0
2023-11-14,180.0
2023-11-15,109.0
2023-11-16,127.0
2023-11-17,152.0
2023-11-18,111.0
2023-11-19,278.0
2023-11-20,293.0
2023-11-22,588.0
2023-11-23,585.0
2023-11-29,427.0
2023-11-30,449.0
2023-12-01,410.0
2023-12-02,410.0
2023-12-03,449.0
2023-12-05,408.0
2023-12-06,496.0
2023-12-07,363.0
2023-12-08,387.0
2023-12-09,325.0
2023-12-10,397.0
2023-12-11,439.0
2023-12-12,384.0
2023-12-13,339.0
2023-12-14,238.0
2023-12-15,252.0
2023-12-16,208.0
2023-12-17,120.0
2023-12-18,182.0
2023-12-19,173.0
2023-12-20,163.0
2023-12-21,157.0
2023-12-22,91.0
2023-12-23,68.0
2023-12-24,87.0
2023-12-25,75.0
2023-12-26,143.0
2023-12-27,169.0
2023-12-28,272.0
2023-12-29,149.0
2023-12-30,117.0
2023-12-31,126.0
2024-01-01,117.0
2024-01-02,154.0
2024-01-03,164.0
2024-01-04,149.0
2024-01-05,100.0
2024-01-06,95.0
2024-01-07,123.0
2024-01-08,147.0
2024-01-09,115.0
2024-01-10,184.0
2024-01-11,146.0
2024-01-12,167.0
2024-01-13,76.0
2024-01-14,91.0
2024-01-15,150.0
2024-01-16,449.0
2024-01-17,434.0
2024-01-18,207.0
2024-01-19,174.0
2024-01-20,94.0
2024-01-21,154.0
2024-01-22,204.0
2024-01-23,118.0
2024-01-24,202.0
2024-01-25,116.0
2024-01-26,161.0
2024-01-27,97.0
2024-01-28,112.0
2024-01-29,128.0
2024-01-30,113.0
2024-01-31,204.0
2024-02-01,119.0
2024-02-02,123.0
2024-02-03,91.0
2024-02-04,97.0
2024-02-05,150.0
2024-02-06,117.0
2024-02-07,157.0
2024-02-08,144.0
2024-02-09,158.0
2024-02-10,88.0
2024-02-11,88.0
2024-02-12,107.0
2024-02-13,130.0
2024-02-14,186.0
2024-02-15,126.0
2024-02-16,234.0
2024-02-17,174.0
2024-02-18,387.0
2024-02-19,263.0
2024-02-20,200.0
2024-02-21,168.0
2024-02-22,195.0
2024-02-23,292.0
2024-02-24,216.0
2024-02-25,196.0
2024-02-26,209.0
2024-02-27,217.0
2024-02-28,249.0
2024-02-29,151.0
2024-03-01,115.0
2024-03-02,135.0
2024-03-03,122.0
2024-03-04,125.0
2024-03-05,141.0
2024-03-06,133.0
2024-03-07,228.0
2024-03-08,122.0
2024-03-09,98.0
2024-03-10,119.0
2024-03-11,155.0
2024-03-12,219.0
2024-03-13,164.0
2024-03-14,149.0
2024-03-15,142.0
2024-03-16,115.0
2024-03-17,144.0
2024-03-18,170.0
2024-03-19,156.0
2024-03-20,150.0
2024-03-21,125.0
2024-03-22,138.0
2024-03-23,121.0
2024-03-24,103.0
2024-03-25,132.0
2024-03-26,128.0
2024-03-27,132.0
2024-03-28,102.0
2024-03-29,175.0
2024-03-30,87.0
2024-03-31,86.0
2024-04-01,129.0
2024-04-02,111.0
2024-04-03,161.0
2024-04-04,134.0
2024-04-05,151.0
2024-04-06,92.0
2024-04-07,85.0
2024-04-08,143.0
2024-04-09,183.0
2024-04-10,135.0
2024-04-11,100.0
2024-04-12,130.0
2024-04-13,102.0
2024-04-14,122.0
2024-04-15,155.0
2024-04-16,157.0
2024-04-17,131.0
2024-04-18,142.0
2024-04-19,120.0
2024-04-20,106.0
2024-04-21,139.0
2024-04-22,156.0
2024-04-23,154.0
2024-04-24,117.0
2024-04-25,142.0
2024-04-26,252.0
2024-04-27,109.0
2024-04-28,109.0
2024-04-29,205.0
2024-04-30,145.0
2024-05-01,163.0
2024-05-02,123.0
2024-05-03,151.0
2024-05-04,137.0
2024-05-05,123.0
2024-05-06,157.0
2024-05-07,185.0
2024-05-08,148.0
2024-05-09,140.0
2024-05-10,170.0
2024-05-11,107.0
2024-05-12,106.0
2024-05-13,149.0
2024-05-14,153.0
2024-05-15,178.0
2024-05-16,150.0
2024-05-17,131.0
2024-05-18,215.0
2024-05-19,222.0
2024-05-20,288.0
2024-05-21,394.0
2024-05-22,366.0
2024-05-23,340.0
2024-05-24,270.0
2024-05-25,248.0
2024-05-26,243.0
2024-05-27,364.0
2024-05-28,306.0
2024-05-29,339.0
2024-05-30,341.0
2024-05-31,345.0
2024-06-01,106.0
2024-06-02,110.0
2024-06-03,161.0
2024-06-04,155.0
2024-06-05,207.0
2024-06-06,187.0
2024-06-07,210.0
2024-06-08,147.0
2024-06-09,162.0
2024-06-10,241.0
2024-06-11,195.0
2024-06-12,154.0
2024-06-13,164.0
2024-06-14,143.0
2024-06-15,115.0
2024-06-16,124.0
2024-06-17,154.0
2024-06-18,136.0
2024-06-19,171.0
2024-06-20,146.0
2024-06-21,128.0
2024-06-22,98.0
2024-06-23,106.0
2024-06-24,182.0
2024-06-25,194.0
2024-06-26,164.0
2024-06-27,145.0
2024-06-28,113.0
2024-06-29,102.0
2024-06-30,92.0
2024-07-01,130.0
2024-07-02,135.0
2024-07-03,111.0
2024-07-04,94.0
2024-07-05,81.0
2024-07-06,73.0
2024-07-07,88.0
2024-07-08,175.0
2024-07-09,188.0
2024-07-10,131.0
2024-07-11,104.0
2024-07-12,146.0
2024-07-13,100.0
2024-07-14,108.0
2024-07-15,138.0
2024-07-16,402.0
2024-07-17,341.0
2024-07-18,280.0
2024-07-19,259.0
2024-07-20,187.0
2024-07-21,211.0
2024-07-22,367.0
2024-07-23,374.0
2024-07-24,200.0
2024-07-25,123.0
2024-07-26,151.0
2024-07-27,107.0
2024-07-28,133.0
2024-07-29,146.0
2024-07-30,137.0
2024-07-31,167.0
2024-08-01,338.0
2024-08-02,488.0
2024-08-03,340.0
2024-08-04,382.0
2024-08-05,407.0
2024-08-06,293.0
2024-08-07,289.0
2024-08-08,407.0
2024-08-09,309.0
2024-08-10,141.0
2024-08-11,198.0
2024-08-12,210.0
2024-08-13,197.0
2024-08-14,180.0
2024-08-15,124.0
2024-08-16,163.0
2024-08-17,103.0
2024-08-18,139.0
2024-08-19,165.0
2024-08-20,164.0
2024-08-21,243.0
2024-08-22,328.0
2024-08-23,314.0
2024-08-24,201.0
2024-08-25,275.0
2024-08-26,237.0
2024-08-27,181.0
2024-08-28,173.0
2024-08-29,157.0
2024-08-30,160.0
2024-08-31,153.0
2024-09-01,144.0
2024-09-02,151.0
2024-09-03,206.0
2024-09-04,174.0
2024-09-05,176.0
2024-09-06,163.0
2024-09-07,134.0
2024-09-08,133.0
2024-09-09,254.0
2024-09-10,190.0
2024-09-11,168.0
2024-09-12,168.0
2024-09-13,170.0
2024-09-14,124.0
2024-09-15,126.0
2024-09-16,189.0
2024-09-17,164.0
2024-09-18,179.0
2024-09-19,183.0
2024-09-20,153.0
2024-09-21,92.0
2024-09-22,122.0
2024-09-23,204.0
2024-09-24,170.0
2024-09-25,153.0
2024-09-26,595.0
2024-09-27,188.0
2024-09-28,99.0
2024-09-29,105.0
2024-09-30,311.0
2024-10-01,225.0
2024-10-02,388.0
2024-10-03,381.0
2024-10-04,245.0
2024-10-05,268.0
2024-10-06,397.0
2024-10-07,544.0
2024-10-08,600.0
2024-10-09,587.0
2024-10-10,432.0
2024-10-11,101.0
2024-10-12,105.0
2024-10-13,130.0
2024-10-14,167.0
2024-10-15,156.0
2024-10-16,154.0
2024-10-17,124.0
2024-10-18,165.0
2024-10-19,123.0
2024-10-20,115.0
2024-10-21,153.0
2024-10-22,162.0
2024-10-23,155.0
2024-10-24,193.0
2024-10-25,124.0
2024-10-26,84.0
2024-10-27,98.0
2024-10-28,159.0
2024-10-29,118.0
2024-10-30,133.0
2024-10-31,128.0
2024-11-01,161.0
2024-11-02,79.0
2024-11-03,85.0
2024-11-04,138.0
2024-11-05,123.0
2024-11-06,133.0
2024-11-07,141.0
2024-11-08,137.0
2024-11-09,97.0
2024-11-10,70.0
2024-11-11,179.0
2024-11-12,162.0
2024-11-13,143.0
2024-11-14,168.0
2024-11-15,210.0
2024-11-16,164.0
2024-11-17,179.0
2024-11-18,276.0
2024-11-19,220.0
2024-11-20,200.0
2024-11-21,586.0
2024-11-22,543.0
2024-11-23,470.0
2024-11-24,450.0
2024-11-25,471.0
2024-11-26,445.0
2024-11-27,439.0
2024-11-28,407.0
2024-12-01,516.0
2024-12-04,464.0
2024-12-05,394.0
2024-12-06,371.0
2024-12-07,367.0
2024-12-08,399.0
2024-12-09,568.0
2024-12-10,587.0
2024-12-11,407.0
2024-12-12,391.0
2024-12-13,398.0
2024-12-14,323.0
2024-12-15,413.0
2024-12-16,438.0
2024-12-17,454.0
2024-12-18,323.0
2024-12-19,120.0
2024-12-20,152.0
2024-12-21,91.0
2024-12-22,79.0
2024-12-23,169.0
2024-12-24,83.0
2024-12-25,115.0
2024-12-26,224.0
2024-12-27,258.0
2024-12-28,160.0
2024-12-29,89.0
2024-12-30,134.0
2024-12-31,61.0
