"COUNT","DATE"
"1","2015-01-20"
"1","2015-01-22"
"1","2015-01-23"
"1","2015-01-26"
"3","2015-01-27"
"3","2015-01-28"
"8","2015-01-29"
"13","2015-01-30"
"8","2015-01-31"
"11","2015-02-01"
"19","2015-02-02"
"20","2015-02-03"
"11","2015-02-04"
"13","2015-02-05"
"5","2015-02-06"
"5","2015-02-07"
"3","2015-02-08"
"7","2015-02-09"
"11","2015-02-10"
"13","2015-02-11"
"9","2015-02-12"
"2","2015-02-13"
"11","2015-02-14"
"6","2015-02-15"
"3","2015-02-16"
"9","2015-02-17"
"4","2015-02-18"
"4","2015-02-19"
"10","2015-02-20"
"10","2015-02-21"
"2","2015-02-22"
"5","2015-02-23"
"13","2015-02-24"
"7","2015-02-25"
"18","2015-02-26"
"19","2015-02-27"
"7","2015-02-28"
"8","2015-03-01"
"20","2015-03-02"
"13","2015-03-03"
"7","2015-03-04"
"6","2015-03-05"
"2","2015-03-06"
"3","2015-03-07"
"2","2015-03-08"
"20","2015-03-09"
"7","2015-03-10"
"13","2015-03-11"
"6","2015-03-12"
"12","2015-03-13"
"10","2015-03-14"
"6","2015-03-15"
"13","2015-03-16"
"17","2015-03-17"
"13","2015-03-18"
"8","2015-03-19"
"15","2015-03-20"
"9","2015-03-21"
"6","2015-03-22"
"8","2015-03-23"
"12","2015-03-24"
"14","2015-03-25"
"11","2015-03-26"
"10","2015-03-27"
"5","2015-03-28"
"8","2015-03-29"
"16","2015-03-30"
"20","2015-03-31"
"15","2015-04-01"
"7","2015-04-02"
"10","2015-04-03"
"9","2015-04-04"
"3","2015-04-05"
"10","2015-04-06"
"16","2015-04-07"
"13","2015-04-08"
"13","2015-04-09"
"8","2015-04-10"
"13","2015-04-11"
"10","2015-04-12"
"8","2015-04-13"
"13","2015-04-14"
"16","2015-04-15"
"18","2015-04-16"
"17","2015-04-17"
"7","2015-04-18"
"9","2015-04-19"
"14","2015-04-20"
"12","2015-04-21"
"7","2015-04-22"
"12","2015-04-23"
"10","2015-04-24"
"10","2015-04-25"
"14","2015-04-26"
"15","2015-04-27"
"9","2015-04-28"
"27","2015-04-29"
"14","2015-04-30"
"8","2015-05-01"
"8","2015-05-02"
"11","2015-05-03"
"11","2015-05-04"
"10","2015-05-05"
"12","2015-05-06"
"10","2015-05-07"
"5","2015-05-08"
"10","2015-05-09"
"4","2015-05-10"
"8","2015-05-11"
"10","2015-05-12"
"15","2015-05-13"
"10","2015-05-14"
"19","2015-05-15"
"12","2015-05-16"
"3","2015-05-17"
"12","2015-05-18"
"9","2015-05-19"
"16","2015-05-20"
"15","2015-05-21"
"10","2015-05-22"
"5","2015-05-23"
"9","2015-05-24"
"9","2015-05-25"
"21","2015-05-26"
"15","2015-05-27"
"54","2015-05-28"
"659","2015-05-29"
"324","2015-05-30"
"187","2015-05-31"
"34","2015-06-01"
"49","2015-06-02"
"51","2015-06-03"
"45","2015-06-04"
"35","2015-06-05"
"21","2015-06-06"
"21","2015-06-07"
"25","2015-06-08"
"28","2015-06-09"
"23","2015-06-10"
"38","2015-06-11"
"23","2015-06-12"
"22","2015-06-13"
"50","2015-06-14"
"36","2015-06-15"
"30","2015-06-16"
"37","2015-06-17"
"42","2015-06-18"
"20","2015-06-19"
"21","2015-06-20"
"8","2015-06-21"
"30","2015-06-22"
"36","2015-06-23"
"35","2015-06-24"
"28","2015-06-25"
"24","2015-06-26"
"15","2015-06-27"
"20","2015-06-28"
"26","2015-06-29"
"27","2015-06-30"
"30","2015-07-01"
"29","2015-07-02"
"34","2015-07-03"
"21","2015-07-04"
"34","2015-07-05"
"36","2015-07-06"
"69","2015-07-07"
"56","2015-07-08"
"64","2015-07-09"
"53","2015-07-10"
"46","2015-07-11"
"38","2015-07-12"
"41","2015-07-13"
"77","2015-07-14"
"49","2015-07-15"
"45","2015-07-16"
"70","2015-07-17"
"24","2015-07-18"
"43","2015-07-19"
"53","2015-07-20"
"46","2015-07-21"
"53","2015-07-22"
"38","2015-07-23"
"51","2015-07-24"
"47","2015-07-25"
"46","2015-07-26"
"64","2015-07-27"
"36","2015-07-28"
"47","2015-07-29"
"45","2015-07-30"
"39","2015-07-31"
"38","2015-08-01"
"36","2015-08-02"
"52","2015-08-03"
"57","2015-08-04"
"46","2015-08-05"
"44","2015-08-06"
"35","2015-08-07"
"38","2015-08-08"
"25","2015-08-09"
"49","2015-08-10"
"42","2015-08-11"
"57","2015-08-12"
"44","2015-08-13"
"39","2015-08-14"
"41","2015-08-15"
"31","2015-08-16"
"49","2015-08-17"
"37","2015-08-18"
"39","2015-08-19"
"49","2015-08-20"
"38","2015-08-21"
"34","2015-08-22"
"40","2015-08-23"
"33","2015-08-24"
"41","2015-08-25"
"38","2015-08-26"
"39","2015-08-27"
"49","2015-08-28"
"39","2015-08-29"
"41","2015-08-30"
"37","2015-08-31"
"36","2015-09-01"
"32","2015-09-02"
"35","2015-09-03"
"25","2015-09-04"
"33","2015-09-05"
"24","2015-09-06"
"34","2015-09-07"
"38","2015-09-08"
"27","2015-09-09"
"91","2015-09-10"
"510","2015-09-11"
"348","2015-09-12"
"360","2015-09-13"
"50","2015-09-14"
"47","2015-09-15"
"49","2015-09-16"
"57","2015-09-17"
"55","2015-09-18"
"34","2015-09-19"
"42","2015-09-20"
"54","2015-09-21"
"56","2015-09-22"
"53","2015-09-23"
"44","2015-09-24"
"45","2015-09-25"
"29","2015-09-26"
"30","2015-09-27"
"30","2015-09-28"
"46","2015-09-29"
"57","2015-09-30"
"56","2015-10-01"
"66","2015-10-02"
"48","2015-10-03"
"50","2015-10-04"
"42","2015-10-05"
"53","2015-10-06"
"40","2015-10-07"
"39","2015-10-08"
"33","2015-10-09"
"37","2015-10-10"
"29","2015-10-11"
"44","2015-10-12"
"40","2015-10-13"
"39","2015-10-14"
"31","2015-10-15"
"29","2015-10-16"
"25","2015-10-17"
"18","2015-10-18"
"30","2015-10-19"
"48","2015-10-20"
"63","2015-10-21"
"61","2015-10-22"
"74","2015-10-23"
"41","2015-10-24"
"33","2015-10-25"
"48","2015-10-26"
"93","2015-10-27"
"84","2015-10-28"
"78","2015-10-29"
"86","2015-10-30"
"53","2015-10-31"
"37","2015-11-01"
"63","2015-11-02"
"144","2015-11-03"
"64","2015-11-04"
"77","2015-11-05"
"55","2015-11-06"
"41","2015-11-07"
"27","2015-11-08"
"43","2015-11-09"
"67","2015-11-10"
"53","2015-11-11"
"53","2015-11-12"
"44","2015-11-13"
"40","2015-11-14"
"36","2015-11-15"
"46","2015-11-16"
"54","2015-11-17"
"51","2015-11-18"
"29","2015-11-19"
"40","2015-11-20"
"63","2015-11-21"
"28","2015-11-22"
"45","2015-11-23"
"41","2015-11-24"
"498","2015-11-25"
"428","2015-11-26"
"268","2015-11-27"
"378","2015-11-28"
"200","2015-11-29"
"369","2015-11-30"
"217","2015-12-01"
"85","2015-12-02"
"48","2015-12-03"
"52","2015-12-04"
"42","2015-12-05"
"61","2015-12-06"
"61","2015-12-07"
"76","2015-12-08"
"69","2015-12-09"
"65","2015-12-10"
"39","2015-12-11"
"83","2015-12-12"
"70","2015-12-13"
"105","2015-12-14"
"82","2015-12-15"
"74","2015-12-16"
"62","2015-12-17"
"44","2015-12-18"
"44","2015-12-19"
"28","2015-12-20"
"57","2015-12-21"
"53","2015-12-22"
"54","2015-12-23"
"30","2015-12-24"
"39","2015-12-25"
"38","2015-12-26"
"45","2015-12-27"
"45","2015-12-28"
"50","2015-12-29"
"69","2015-12-30"
"46","2015-12-31"
"53","2016-01-01"
"65","2016-01-02"
"42","2016-01-03"
"59","2016-01-04"
"70","2016-01-05"
"64","2016-01-06"
"74","2016-01-07"
"72","2016-01-08"
"47","2016-01-09"
"46","2016-01-10"
"62","2016-01-11"
"60","2016-01-12"
"45","2016-01-13"
"64","2016-01-14"
"51","2016-01-15"
"41","2016-01-16"
"23","2016-01-17"
"30","2016-01-18"
"55","2016-01-19"
"44","2016-01-20"
"65","2016-01-21"
"147","2016-01-22"
"39","2016-01-23"
"40","2016-01-24"
"57","2016-01-25"
"37","2016-01-26"
"51","2016-01-27"
"47","2016-01-28"
"69","2016-01-29"
"34","2016-01-30"
"29","2016-01-31"
"38","2016-02-01"
"46","2016-02-02"
"195","2016-02-03"
"72","2016-02-04"
"37","2016-02-05"
"41","2016-02-06"
"34","2016-02-07"
"48","2016-02-08"
"43","2016-02-09"
"43","2016-02-10"
"43","2016-02-11"
"41","2016-02-12"
"33","2016-02-13"
"26","2016-02-14"
"38","2016-02-15"
"52","2016-02-16"
"40","2016-02-17"
"50","2016-02-18"
"36","2016-02-19"
"15","2016-02-20"
"27","2016-02-21"
"39","2016-02-22"
"44","2016-02-23"
"52","2016-02-24"
"49","2016-02-25"
"47","2016-02-26"
"21","2016-02-27"
"33","2016-02-28"
"38","2016-02-29"
"47","2016-03-01"
"43","2016-03-02"
"89","2016-03-03"
"58","2016-03-04"
"45","2016-03-05"
"24","2016-03-06"
"46","2016-03-07"
"43","2016-03-08"
"35","2016-03-09"
"33","2016-03-10"
"43","2016-03-11"
"38","2016-03-12"
"38","2016-03-13"
"41","2016-03-14"
"35","2016-03-15"
"40","2016-03-16"
"38","2016-03-17"
"35","2016-03-18"
"63","2016-03-19"
"53","2016-03-20"
"48","2016-03-21"
"53","2016-03-22"
"31","2016-03-23"
"39","2016-03-24"
"50","2016-03-25"
"30","2016-03-26"
"35","2016-03-27"
"32","2016-03-28"
"49","2016-03-29"
"43","2016-03-30"
"38","2016-03-31"
"36","2016-04-01"
"40","2016-04-02"
"26","2016-04-03"
"41","2016-04-04"
"54","2016-04-05"
"36","2016-04-06"
"41","2016-04-07"
"35","2016-04-08"
"29","2016-04-09"
"35","2016-04-10"
"49","2016-04-11"
"36","2016-04-12"
"39","2016-04-13"
"22","2016-04-14"
"32","2016-04-15"
"35","2016-04-16"
"27","2016-04-17"
"36","2016-04-18"
"36","2016-04-19"
"37","2016-04-20"
"24","2016-04-21"
"22","2016-04-22"
"32","2016-04-23"
"30","2016-04-24"
"39","2016-04-25"
"45","2016-04-26"
"105","2016-04-27"
"79","2016-04-28"
"60","2016-04-29"
"17","2016-04-30"
"25","2016-05-01"
"27","2016-05-02"
"30","2016-05-03"
"29","2016-05-04"
"23","2016-05-05"
"29","2016-05-06"
"19","2016-05-07"
"20","2016-05-08"
"29","2016-05-09"
"47","2016-05-10"
"31","2016-05-11"
"36","2016-05-12"
"37","2016-05-13"
"23","2016-05-14"
"23","2016-05-15"
"32","2016-05-16"
"36","2016-05-17"
"44","2016-05-18"
"41","2016-05-19"
"36","2016-05-20"
"25","2016-05-21"
"29","2016-05-22"
"28","2016-05-23"
"34","2016-05-24"
"30","2016-05-25"
"43","2016-05-26"
"33","2016-05-27"
"22","2016-05-28"
"20","2016-05-29"
"36","2016-05-30"
"26","2016-05-31"
"30","2016-06-01"
"37","2016-06-02"
"37","2016-06-03"
"21","2016-06-04"
"31","2016-06-05"
"27","2016-06-06"
"152","2016-06-07"
"136","2016-06-08"
"173","2016-06-09"
"110","2016-06-10"
"22","2016-06-11"
"19","2016-06-12"
"31","2016-06-13"
"39","2016-06-14"
"24","2016-06-15"
"35","2016-06-16"
"15","2016-06-17"
"23","2016-06-18"
"29","2016-06-19"
"26","2016-06-20"
"35","2016-06-21"
"37","2016-06-22"
"37","2016-06-23"
"46","2016-06-24"
"30","2016-06-25"
"28","2016-06-26"
"47","2016-06-27"
"40","2016-06-28"
"33","2016-06-29"
"45","2016-06-30"
"35","2016-07-01"
"32","2016-07-02"
"27","2016-07-03"
"21","2016-07-04"
"25","2016-07-05"
"68","2016-07-06"
"38","2016-07-07"
"58","2016-07-08"
"39","2016-07-09"
"36","2016-07-10"
"56","2016-07-11"
"54","2016-07-12"
"39","2016-07-13"
"25","2016-07-14"
"35","2016-07-15"
"40","2016-07-16"
"41","2016-07-17"
"76","2016-07-18"
"145","2016-07-19"
"141","2016-07-20"
"126","2016-07-21"
"143","2016-07-22"
"126","2016-07-23"
"116","2016-07-24"
"113","2016-07-25"
"95","2016-07-26"
"112","2016-07-27"
"105","2016-07-28"
"93","2016-07-29"
"84","2016-07-30"
"95","2016-07-31"
"101","2016-08-01"
"91","2016-08-02"
"120","2016-08-03"
"110","2016-08-04"
"85","2016-08-05"
"89","2016-08-06"
"84","2016-08-07"
"102","2016-08-08"
"88","2016-08-09"
"111","2016-08-10"
"82","2016-08-11"
"104","2016-08-12"
"78","2016-08-13"
"82","2016-08-14"
"82","2016-08-15"
"118","2016-08-16"
"94","2016-08-17"
"97","2016-08-18"
"69","2016-08-19"
"80","2016-08-20"
"58","2016-08-21"
"95","2016-08-22"
"86","2016-08-23"
"96","2016-08-24"
"88","2016-08-25"
"61","2016-08-26"
"48","2016-08-27"
"43","2016-08-28"
"71","2016-08-29"
"68","2016-08-30"
"110","2016-08-31"
"92","2016-09-01"
"93","2016-09-02"
"46","2016-09-03"
"42","2016-09-04"
"89","2016-09-05"
"82","2016-09-06"
"83","2016-09-07"
"93","2016-09-08"
"70","2016-09-09"
"40","2016-09-10"
"41","2016-09-11"
"60","2016-09-12"
"57","2016-09-13"
"62","2016-09-14"
"62","2016-09-15"
"67","2016-09-16"
"54","2016-09-17"
"40","2016-09-18"
"64","2016-09-19"
"59","2016-09-20"
"53","2016-09-21"
"42","2016-09-22"
"45","2016-09-23"
"29","2016-09-24"
"60","2016-09-25"
"73","2016-09-26"
"61","2016-09-27"
"61","2016-09-28"
"57","2016-09-29"
"54","2016-09-30"
"46","2016-10-01"
"57","2016-10-02"
"51","2016-10-03"
"50","2016-10-04"
"76","2016-10-05"
"55","2016-10-06"
"33","2016-10-07"
"37","2016-10-08"
"30","2016-10-09"
"46","2016-10-10"
"30","2016-10-11"
"38","2016-10-12"
"81","2016-10-13"
"80","2016-10-14"
"57","2016-10-15"
"46","2016-10-16"
"62","2016-10-17"
"70","2016-10-18"
"74","2016-10-19"
"62","2016-10-20"
"27","2016-10-21"
"41","2016-10-22"
"30","2016-10-23"
"30","2016-10-24"
"29","2016-10-25"
"33","2016-10-26"
"30","2016-10-27"
"26","2016-10-28"
"30","2016-10-29"
"42","2016-10-30"
"48","2016-10-31"
"213","2016-11-01"
"155","2016-11-02"
"116","2016-11-03"
"173","2016-11-04"
"84","2016-11-05"
"59","2016-11-06"
"63","2016-11-07"
"76","2016-11-08"
"50","2016-11-09"
"58","2016-11-10"
"52","2016-11-11"
"54","2016-11-12"
"34","2016-11-13"
"52","2016-11-14"
"62","2016-11-15"
"60","2016-11-16"
"52","2016-11-17"
"58","2016-11-18"
"61","2016-11-19"
"57","2016-11-20"
"66","2016-11-21"
"98","2016-11-22"
"434","2016-11-23"
"392","2016-11-24"
"380","2016-11-25"
"274","2016-11-26"
"277","2016-11-27"
"428","2016-11-28"
"340","2016-11-29"
"131","2016-11-30"
"121","2016-12-01"
"108","2016-12-02"
"93","2016-12-03"
"93","2016-12-04"
"102","2016-12-05"
"108","2016-12-06"
"101","2016-12-07"
"94","2016-12-08"
"104","2016-12-09"
"103","2016-12-10"
"108","2016-12-11"
"115","2016-12-12"
"311","2016-12-13"
"363","2016-12-14"
"246","2016-12-15"
"156","2016-12-16"
"127","2016-12-17"
"112","2016-12-18"
"148","2016-12-19"
"167","2016-12-20"
"128","2016-12-21"
"113","2016-12-22"
"105","2016-12-23"
"90","2016-12-24"
"106","2016-12-25"
"124","2016-12-26"
"148","2016-12-27"
"155","2016-12-28"
"152","2016-12-29"
"185","2016-12-30"
"236","2016-12-31"
"233","2017-01-01"
"340","2017-01-02"
"349","2017-01-03"
"308","2017-01-04"
"318","2017-01-05"
"263","2017-01-06"
"270","2017-01-07"
"221","2017-01-08"
"266","2017-01-09"
"257","2017-01-10"
"282","2017-01-11"
"271","2017-01-12"
"259","2017-01-13"
"212","2017-01-14"
"209","2017-01-15"
"232","2017-01-16"
"232","2017-01-17"
"243","2017-01-18"
"194","2017-01-19"
"196","2017-01-20"
"188","2017-01-21"
"179","2017-01-22"
"209","2017-01-23"
"220","2017-01-24"
"197","2017-01-25"
"198","2017-01-26"
"192","2017-01-27"
"160","2017-01-28"
"167","2017-01-29"
"176","2017-01-30"
"192","2017-01-31"
"196","2017-02-01"
"191","2017-02-02"
"168","2017-02-03"
"140","2017-02-04"
"143","2017-02-05"
"189","2017-02-06"
"176","2017-02-07"
"161","2017-02-08"
"158","2017-02-09"
"155","2017-02-10"
"149","2017-02-11"
"136","2017-02-12"
"132","2017-02-13"
"154","2017-02-14"
"229","2017-02-15"
"168","2017-02-16"
"147","2017-02-17"
"113","2017-02-18"
"134","2017-02-19"
"157","2017-02-20"
"136","2017-02-21"
"145","2017-02-22"
"111","2017-02-23"
"128","2017-02-24"
"110","2017-02-25"
"110","2017-02-26"
"126","2017-02-27"
"131","2017-02-28"
"138","2017-03-01"
"124","2017-03-02"
"126","2017-03-03"
"109","2017-03-04"
"102","2017-03-05"
"113","2017-03-06"
"108","2017-03-07"
"108","2017-03-08"
"114","2017-03-09"
"86","2017-03-10"
"81","2017-03-11"
"74","2017-03-12"
"104","2017-03-13"
"114","2017-03-14"
"97","2017-03-15"
"84","2017-03-16"
"72","2017-03-17"
"81","2017-03-18"
"79","2017-03-19"
"106","2017-03-20"
"103","2017-03-21"
"88","2017-03-22"
"85","2017-03-23"
"87","2017-03-24"
"65","2017-03-25"
"91","2017-03-26"
"94","2017-03-27"
"93","2017-03-28"
"72","2017-03-29"
"83","2017-03-30"
"94","2017-03-31"
"61","2017-04-01"
"85","2017-04-02"
"111","2017-04-03"
"85","2017-04-04"
"92","2017-04-05"
"83","2017-04-06"
"97","2017-04-07"
"82","2017-04-08"
"71","2017-04-09"
"96","2017-04-10"
"84","2017-04-11"
"67","2017-04-12"
"82","2017-04-13"
"70","2017-04-14"
"71","2017-04-15"
"69","2017-04-16"
"70","2017-04-17"
"80","2017-04-18"
"85","2017-04-19"
"130","2017-04-20"
"100","2017-04-21"
"66","2017-04-22"
"69","2017-04-23"
"73","2017-04-24"
"92","2017-04-25"
"94","2017-04-26"
"82","2017-04-27"
"71","2017-04-28"
"45","2017-04-29"
"73","2017-04-30"
"99","2017-05-01"
"136","2017-05-02"
"109","2017-05-03"
"94","2017-05-04"
"103","2017-05-05"
"89","2017-05-06"
"69","2017-05-07"
"85","2017-05-08"
"86","2017-05-09"
"88","2017-05-10"
"99","2017-05-11"
"101","2017-05-12"
"79","2017-05-13"
"86","2017-05-14"
"110","2017-05-15"
"99","2017-05-16"
"84","2017-05-17"
"101","2017-05-18"
"74","2017-05-19"
"58","2017-05-20"
"75","2017-05-21"
"95","2017-05-22"
"70","2017-05-23"
"75","2017-05-24"
"62","2017-05-25"
"72","2017-05-26"
"60","2017-05-27"
"74","2017-05-28"
"82","2017-05-29"
"97","2017-05-30"
"83","2017-05-31"
"103","2017-06-01"
"92","2017-06-02"
"71","2017-06-03"
"78","2017-06-04"
"74","2017-06-05"
"75","2017-06-06"
"123","2017-06-07"
"81","2017-06-08"
"84","2017-06-09"
"67","2017-06-10"
"74","2017-06-11"
"89","2017-06-12"
"88","2017-06-13"
"89","2017-06-14"
"103","2017-06-15"
"93","2017-06-16"
"79","2017-06-17"
"95","2017-06-18"
"85","2017-06-19"
"78","2017-06-20"
"77","2017-06-21"
"64","2017-06-22"
"82","2017-06-23"
"84","2017-06-24"
"67","2017-06-25"
"71","2017-06-26"
"85","2017-06-27"
"126","2017-06-28"
"132","2017-06-29"
"113","2017-06-30"
"125","2017-07-01"
"114","2017-07-02"
"127","2017-07-03"
"121","2017-07-04"
"132","2017-07-05"
"118","2017-07-06"
"94","2017-07-07"
"70","2017-07-08"
"79","2017-07-09"
"118","2017-07-10"
"82","2017-07-11"
"91","2017-07-12"
"102","2017-07-13"
"94","2017-07-14"
"83","2017-07-15"
"90","2017-07-16"
"89","2017-07-17"
"88","2017-07-18"
"86","2017-07-19"
"184","2017-07-20"
"139","2017-07-21"
"106","2017-07-22"
"95","2017-07-23"
"91","2017-07-24"
"96","2017-07-25"
"85","2017-07-26"
"83","2017-07-27"
"78","2017-07-28"
"79","2017-07-29"
"74","2017-07-30"
"84","2017-07-31"
"97","2017-08-01"
"81","2017-08-02"
"96","2017-08-03"
"77","2017-08-04"
"57","2017-08-05"
"62","2017-08-06"
"83","2017-08-07"
"85","2017-08-08"
"76","2017-08-09"
"73","2017-08-10"
"75","2017-08-11"
"74","2017-08-12"
"69","2017-08-13"
"76","2017-08-14"
"73","2017-08-15"
"89","2017-08-16"
"93","2017-08-17"
"49","2017-08-18"
"63","2017-08-19"
"55","2017-08-20"
"70","2017-08-21"
"77","2017-08-22"
"75","2017-08-23"
"64","2017-08-24"
"53","2017-08-25"
"58","2017-08-26"
"49","2017-08-27"
"62","2017-08-28"
"76","2017-08-29"
"64","2017-08-30"
"57","2017-08-31"
"104","2017-09-01"
"126","2017-09-02"
"86","2017-09-03"
"208","2017-09-04"
"107","2017-09-05"
"64","2017-09-06"
"63","2017-09-07"
"67","2017-09-08"
"58","2017-09-09"
"71","2017-09-10"
"63","2017-09-11"
"70","2017-09-12"
"42","2017-09-13"
"56","2017-09-14"
"70","2017-09-15"
"36","2017-09-16"
"44","2017-09-17"
"43","2017-09-18"
"40","2017-09-19"
"82","2017-09-20"
"42","2017-09-21"
"40","2017-09-22"
"121","2017-09-23"
"45","2017-09-24"
"35","2017-09-25"
"47","2017-09-26"
"47","2017-09-27"
"55","2017-09-28"
"42","2017-09-29"
"42","2017-09-30"
"36","2017-10-01"
"50","2017-10-02"
"45","2017-10-03"
"49","2017-10-04"
"39","2017-10-05"
"39","2017-10-06"
"34","2017-10-07"
"34","2017-10-08"
"42","2017-10-09"
"50","2017-10-10"
"69","2017-10-11"
"54","2017-10-12"
"45","2017-10-13"
"37","2017-10-14"
"33","2017-10-15"
"54","2017-10-16"
"48","2017-10-17"
"54","2017-10-18"
"45","2017-10-19"
"59","2017-10-20"
"35","2017-10-21"
"53","2017-10-22"
"51","2017-10-23"
"58","2017-10-24"
"71","2017-10-25"
"60","2017-10-26"
"42","2017-10-27"
"41","2017-10-28"
"36","2017-10-29"
"55","2017-10-30"
"47","2017-10-31"
"51","2017-11-01"
"64","2017-11-02"
"52","2017-11-03"
"55","2017-11-04"
"158","2017-11-05"
"90","2017-11-06"
"91","2017-11-07"
"179","2017-11-08"
"72","2017-11-09"
"63","2017-11-10"
"59","2017-11-11"
"40","2017-11-12"
"49","2017-11-13"
"53","2017-11-14"
"71","2017-11-15"
"67","2017-11-16"
"62","2017-11-17"
"47","2017-11-18"
"54","2017-11-19"
"90","2017-11-20"
"1004","2017-11-21"
"834","2017-11-22"
"663","2017-11-23"
"1158","2017-11-24"
"949","2017-11-25"
"893","2017-11-26"
"922","2017-11-27"
"562","2017-11-28"
"457","2017-11-29"
"408","2017-11-30"
"558","2017-12-01"
"363","2017-12-02"
"383","2017-12-03"
"375","2017-12-04"
"327","2017-12-05"
"345","2017-12-06"
"538","2017-12-07"
"505","2017-12-08"
"397","2017-12-09"
"341","2017-12-10"
"521","2017-12-11"
"392","2017-12-12"
"342","2017-12-13"
"269","2017-12-14"
"236","2017-12-15"
"237","2017-12-16"
"244","2017-12-17"
"267","2017-12-18"
"273","2017-12-19"
"239","2017-12-20"
"189","2017-12-21"
"172","2017-12-22"
"148","2017-12-23"
"127","2017-12-24"
"146","2017-12-25"
"198","2017-12-26"
"227","2017-12-27"
"221","2017-12-28"
"215","2017-12-29"
"190","2017-12-30"
"178","2017-12-31"
"145","2018-01-01"
"167","2018-01-02"
"268","2018-01-03"
"222","2018-01-04"
"187","2018-01-05"
"128","2018-01-06"
"146","2018-01-07"
"141","2018-01-08"
"119","2018-01-09"
"116","2018-01-10"
"109","2018-01-11"
"116","2018-01-12"
"97","2018-01-13"
"107","2018-01-14"
"109","2018-01-15"
"113","2018-01-16"
"128","2018-01-17"
"127","2018-01-18"
"102","2018-01-19"
"107","2018-01-20"
"120","2018-01-21"
"127","2018-01-22"
"123","2018-01-23"
"125","2018-01-24"
"97","2018-01-25"
"102","2018-01-26"
"111","2018-01-27"
"110","2018-01-28"
"106","2018-01-29"
"124","2018-01-30"
"146","2018-01-31"
"120","2018-02-01"
"124","2018-02-02"
"90","2018-02-03"
"110","2018-02-04"
"102","2018-02-05"
"132","2018-02-06"
"125","2018-02-07"
"108","2018-02-08"
"96","2018-02-09"
"104","2018-02-10"
"132","2018-02-11"
"131","2018-02-12"
"109","2018-02-13"
"98","2018-02-14"
"100","2018-02-15"
"116","2018-02-16"
"105","2018-02-17"
"92","2018-02-18"
"126","2018-02-19"
"155","2018-02-20"
"109","2018-02-21"
"84","2018-02-22"
"112","2018-02-23"
"106","2018-02-24"
"91","2018-02-25"
"78","2018-02-26"
"88","2018-02-27"
"86","2018-02-28"
"127","2018-03-01"
"95","2018-03-02"
"81","2018-03-03"
"86","2018-03-04"
"89","2018-03-05"
"77","2018-03-06"
"101","2018-03-07"
"99","2018-03-08"
"113","2018-03-09"
"85","2018-03-10"
"101","2018-03-11"
"82","2018-03-12"
"65","2018-03-13"
"69","2018-03-14"
"101","2018-03-15"
"80","2018-03-16"
"60","2018-03-17"
"78","2018-03-18"
"84","2018-03-19"
"88","2018-03-20"
"84","2018-03-21"
"79","2018-03-22"
"66","2018-03-23"
"72","2018-03-24"
"78","2018-03-25"
"114","2018-03-26"
"102","2018-03-27"
"96","2018-03-28"
"83","2018-03-29"
"90","2018-03-30"
"87","2018-03-31"
"85","2018-04-01"
"112","2018-04-02"
"93","2018-04-03"
"98","2018-04-04"
"108","2018-04-05"
"86","2018-04-06"
"75","2018-04-07"
"95","2018-04-08"
"82","2018-04-09"
"93","2018-04-10"
"86","2018-04-11"
"81","2018-04-12"
"74","2018-04-13"
"82","2018-04-14"
"105","2018-04-15"
"114","2018-04-16"
"98","2018-04-17"
"97","2018-04-18"
"107","2018-04-19"
"86","2018-04-20"
"91","2018-04-21"
"75","2018-04-22"
"103","2018-04-23"
"97","2018-04-24"
"78","2018-04-25"
"85","2018-04-26"
"110","2018-04-27"
"73","2018-04-28"
"80","2018-04-29"
"81","2018-04-30"
"100","2018-05-01"
"107","2018-05-02"
"104","2018-05-03"
"86","2018-05-04"
"76","2018-05-05"
"93","2018-05-06"
"89","2018-05-07"
"100","2018-05-08"
"111","2018-05-09"
"110","2018-05-10"
"123","2018-05-11"
"99","2018-05-12"
"103","2018-05-13"
"118","2018-05-14"
"116","2018-05-15"
"109","2018-05-16"
"120","2018-05-17"
"106","2018-05-18"
"86","2018-05-19"
"118","2018-05-20"
"111","2018-05-21"
"97","2018-05-22"
"105","2018-05-23"
"95","2018-05-24"
"96","2018-05-25"
"80","2018-05-26"
"89","2018-05-27"
"98","2018-05-28"
"125","2018-05-29"
"92","2018-05-30"
"96","2018-05-31"
"94","2018-06-01"
"70","2018-06-02"
"103","2018-06-03"
"98","2018-06-04"
"92","2018-06-05"
"89","2018-06-06"
"72","2018-06-07"
"80","2018-06-08"
"76","2018-06-09"
"79","2018-06-10"
"90","2018-06-11"
"78","2018-06-12"
"77","2018-06-13"
"92","2018-06-14"
"79","2018-06-15"
"58","2018-06-16"
"70","2018-06-17"
"86","2018-06-18"
"100","2018-06-19"
"85","2018-06-20"
"76","2018-06-21"
"87","2018-06-22"
"65","2018-06-23"
"82","2018-06-24"
"81","2018-06-25"
"61","2018-06-26"
"79","2018-06-27"
"84","2018-06-28"
"83","2018-06-29"
"63","2018-06-30"
"81","2018-07-01"
"88","2018-07-02"
"69","2018-07-03"
"1152","2018-07-04"
"2810","2018-07-05"
"888","2018-07-06"
"480","2018-07-07"
"548","2018-07-08"
"780","2018-07-09"
"225","2018-07-10"
"92","2018-07-11"
"81","2018-07-12"
"65","2018-07-13"
"57","2018-07-14"
"73","2018-07-15"
"79","2018-07-16"
"98","2018-07-17"
"72","2018-07-18"
"71","2018-07-19"
"88","2018-07-20"
"69","2018-07-21"
"64","2018-07-22"
"93","2018-07-23"
"77","2018-07-24"
"82","2018-07-25"
"101","2018-07-26"
"94","2018-07-27"
"90","2018-07-28"
"75","2018-07-29"
"101","2018-07-30"
"84","2018-07-31"
"108","2018-08-01"
"92","2018-08-02"
"89","2018-08-03"
"92","2018-08-04"
"65","2018-08-05"
"107","2018-08-06"
"136","2018-08-07"
"115","2018-08-08"
"119","2018-08-09"
"101","2018-08-10"
"81","2018-08-11"
"90","2018-08-12"
"99","2018-08-13"
"117","2018-08-14"
"158","2018-08-15"
"273","2018-08-16"
"161","2018-08-17"
"128","2018-08-18"
"263","2018-08-19"
"179","2018-08-20"
"136","2018-08-21"
"76","2018-08-22"
"89","2018-08-23"
"85","2018-08-24"
"74","2018-08-25"
"75","2018-08-26"
"97","2018-08-27"
"89","2018-08-28"
"92","2018-08-29"
"78","2018-08-30"
"73","2018-08-31"
"78","2018-09-01"
"85","2018-09-02"
"85","2018-09-03"
"81","2018-09-04"
"105","2018-09-05"
"86","2018-09-06"
"72","2018-09-07"
"69","2018-09-08"
"58","2018-09-09"
"94","2018-09-10"
"78","2018-09-11"
"78","2018-09-12"
"70","2018-09-13"
"69","2018-09-14"
"58","2018-09-15"
"58","2018-09-16"
"90","2018-09-17"
"66","2018-09-18"
"59","2018-09-19"
"69","2018-09-20"
"51","2018-09-21"
"64","2018-09-22"
"68","2018-09-23"
"64","2018-09-24"
"58","2018-09-25"
"61","2018-09-26"
"62","2018-09-27"
"65","2018-09-28"
"70","2018-09-29"
"84","2018-09-30"
"67","2018-10-01"
"85","2018-10-02"
"86","2018-10-03"
"78","2018-10-04"
"73","2018-10-05"
"52","2018-10-06"
"53","2018-10-07"
"80","2018-10-08"
"71","2018-10-09"
"56","2018-10-10"
"80","2018-10-11"
"68","2018-10-12"
"53","2018-10-13"
"70","2018-10-14"
"64","2018-10-15"
"120","2018-10-16"
"89","2018-10-17"
"65","2018-10-18"
"51","2018-10-19"
"39","2018-10-20"
"49","2018-10-21"
"54","2018-10-22"
"58","2018-10-23"
"44","2018-10-24"
"63","2018-10-25"
"41","2018-10-26"
"46","2018-10-27"
"40","2018-10-28"
"52","2018-10-29"
"50","2018-10-30"
"47","2018-10-31"
"56","2018-11-01"
"60","2018-11-02"
"53","2018-11-03"
"59","2018-11-04"
"78","2018-11-05"
"69","2018-11-06"
"47","2018-11-07"
"169","2018-11-08"
"109","2018-11-09"
"113","2018-11-10"
"192","2018-11-11"
"122","2018-11-12"
"75","2018-11-13"
"58","2018-11-14"
"54","2018-11-15"
"59","2018-11-16"
"53","2018-11-17"
"61","2018-11-18"
"444","2018-11-19"
"421","2018-11-20"
"433","2018-11-21"
"460","2018-11-22"
"856","2018-11-23"
"526","2018-11-24"
"509","2018-11-25"
"585","2018-11-26"
"405","2018-11-27"
"213","2018-11-28"
"211","2018-11-29"
"215","2018-11-30"
"210","2018-12-01"
"324","2018-12-02"
"384","2018-12-03"
"257","2018-12-04"
"258","2018-12-05"
"218","2018-12-06"
"211","2018-12-07"
"219","2018-12-08"
"232","2018-12-09"
"304","2018-12-10"
"273","2018-12-11"
"309","2018-12-12"
"288","2018-12-13"
"271","2018-12-14"
"266","2018-12-15"
"242","2018-12-16"
"295","2018-12-17"
"250","2018-12-18"
"226","2018-12-19"
"194","2018-12-20"
"178","2018-12-21"
"132","2018-12-22"
"103","2018-12-23"
"122","2018-12-24"
"143","2018-12-25"
"202","2018-12-26"
"179","2018-12-27"
"208","2018-12-28"
"153","2018-12-29"
"160","2018-12-30"
"156","2018-12-31"
"161","2019-01-01"
"222","2019-01-02"
"165","2019-01-03"
"92","2019-01-04"
"70","2019-01-05"
"81","2019-01-06"
"96","2019-01-07"
"99","2019-01-08"
"116","2019-01-09"
"106","2019-01-10"
"86","2019-01-11"
"60","2019-01-12"
"58","2019-01-13"
"84","2019-01-14"
"81","2019-01-15"
"102","2019-01-16"
"98","2019-01-17"
"83","2019-01-18"
"85","2019-01-19"
"99","2019-01-20"
"89","2019-01-21"
"106","2019-01-22"
"91","2019-01-23"
"96","2019-01-24"
"89","2019-01-25"
"102","2019-01-26"
"108","2019-01-27"
"117","2019-01-28"
"103","2019-01-29"
"140","2019-01-30"
"112","2019-01-31"
"136","2019-02-01"
"128","2019-02-02"
"127","2019-02-03"
"141","2019-02-04"
"146","2019-02-05"
"151","2019-02-06"
"151","2019-02-07"
"168","2019-02-08"
"169","2019-02-09"
"178","2019-02-10"
"186","2019-02-11"
"199","2019-02-12"
"176","2019-02-13"
"157","2019-02-14"
"158","2019-02-15"
"168","2019-02-16"
"171","2019-02-17"
"210","2019-02-18"
"163","2019-02-19"
"166","2019-02-20"
"146","2019-02-21"
"168","2019-02-22"
"150","2019-02-23"
"186","2019-02-24"
"188","2019-02-25"
"159","2019-02-26"
"187","2019-02-27"
"166","2019-02-28"
"186","2019-03-01"
"157","2019-03-02"
"193","2019-03-03"
"176","2019-03-04"
"169","2019-03-05"
"142","2019-03-06"
"158","2019-03-07"
"157","2019-03-08"
"158","2019-03-09"
"164","2019-03-10"
"158","2019-03-11"
"152","2019-03-12"
"164","2019-03-13"
"157","2019-03-14"
"169","2019-03-15"
"149","2019-03-16"
"147","2019-03-17"
"162","2019-03-18"
"149","2019-03-19"
"162","2019-03-20"
"143","2019-03-21"
"175","2019-03-22"
"143","2019-03-23"
"172","2019-03-24"
"144","2019-03-25"
"168","2019-03-26"
"166","2019-03-27"
"153","2019-03-28"
"171","2019-03-29"
"161","2019-03-30"
"175","2019-03-31"
"177","2019-04-01"
"166","2019-04-02"
"156","2019-04-03"
"155","2019-04-04"
"145","2019-04-05"
"146","2019-04-06"
"154","2019-04-07"
"145","2019-04-08"
"155","2019-04-09"
"152","2019-04-10"
"198","2019-04-11"
"185","2019-04-12"
"148","2019-04-13"
"153","2019-04-14"
"158","2019-04-15"
"157","2019-04-16"
"171","2019-04-17"
"152","2019-04-18"
"168","2019-04-19"
"149","2019-04-20"
"148","2019-04-21"
"171","2019-04-22"
"142","2019-04-23"
"174","2019-04-24"
"139","2019-04-25"
"131","2019-04-26"
"121","2019-04-27"
"134","2019-04-28"
"154","2019-04-29"
"129","2019-04-30"
"160","2019-05-01"
"160","2019-05-02"
"162","2019-05-03"
"141","2019-05-04"
"153","2019-05-05"
"169","2019-05-06"
"176","2019-05-07"
"180","2019-05-08"
"154","2019-05-09"
"147","2019-05-10"
"135","2019-05-11"
"124","2019-05-12"
"151","2019-05-13"
"139","2019-05-14"
"148","2019-05-15"
"144","2019-05-16"
"226","2019-05-17"
"164","2019-05-18"
"163","2019-05-19"
"171","2019-05-20"
"149","2019-05-21"
"163","2019-05-22"
"167","2019-05-23"
"143","2019-05-24"
"132","2019-05-25"
"117","2019-05-26"
"134","2019-05-27"
"159","2019-05-28"
"146","2019-05-29"
"150","2019-05-30"
"125","2019-05-31"
"122","2019-06-01"
"110","2019-06-02"
"177","2019-06-03"
"151","2019-06-04"
"145","2019-06-05"
"133","2019-06-06"
"132","2019-06-07"
"125","2019-06-08"
"146","2019-06-09"
"157","2019-06-10"
"160","2019-06-11"
"159","2019-06-12"
"171","2019-06-13"
"165","2019-06-14"
"162","2019-06-15"
"159","2019-06-16"
"159","2019-06-17"
"149","2019-06-18"
"146","2019-06-19"
"165","2019-06-20"
"135","2019-06-21"
"128","2019-06-22"
"125","2019-06-23"
"137","2019-06-24"
"138","2019-06-25"
"152","2019-06-26"
"146","2019-06-27"
"140","2019-06-28"
"159","2019-06-29"
"158","2019-06-30"
"131","2019-07-01"
"124","2019-07-02"
"137","2019-07-03"
"100","2019-07-04"
"114","2019-07-05"
"100","2019-07-06"
"109","2019-07-07"
"137","2019-07-08"
"116","2019-07-09"
"108","2019-07-10"
"475","2019-07-11"
"358","2019-07-12"
"289","2019-07-13"
"335","2019-07-14"
"387","2019-07-15"
"506","2019-07-16"
"191","2019-07-17"
"109","2019-07-18"
"102","2019-07-19"
"82","2019-07-20"
"85","2019-07-21"
"99","2019-07-22"
"119","2019-07-23"
"109","2019-07-24"
"113","2019-07-25"
"112","2019-07-26"
"91","2019-07-27"
"100","2019-07-28"
"101","2019-07-29"
"99","2019-07-30"
"98","2019-07-31"
"141","2019-08-01"
"117","2019-08-02"
"91","2019-08-03"
"123","2019-08-04"
"130","2019-08-05"
"132","2019-08-06"
"140","2019-08-07"
"112","2019-08-08"
"101","2019-08-09"
"94","2019-08-10"
"100","2019-08-11"
"118","2019-08-12"
"132","2019-08-13"
"111","2019-08-14"
"120","2019-08-15"
"102","2019-08-16"
"103","2019-08-17"
"105","2019-08-18"
"137","2019-08-19"
"90","2019-08-20"
"136","2019-08-21"
"125","2019-08-22"
"117","2019-08-23"
"96","2019-08-24"
"138","2019-08-25"
"130","2019-08-26"
"199","2019-08-27"
"199","2019-08-28"
"167","2019-08-29"
"147","2019-08-30"
"129","2019-08-31"
"126","2019-09-01"
"153","2019-09-02"
"163","2019-09-03"
"156","2019-09-04"
"153","2019-09-05"
"111","2019-09-06"
"138","2019-09-07"
"121","2019-09-08"
"156","2019-09-09"
"150","2019-09-10"
"139","2019-09-11"
"160","2019-09-12"
"137","2019-09-13"
"118","2019-09-14"
"140","2019-09-15"
"135","2019-09-16"
"153","2019-09-17"
"126","2019-09-18"
"145","2019-09-19"
"116","2019-09-20"
"113","2019-09-21"
"127","2019-09-22"
"142","2019-09-23"
"133","2019-09-24"
"120","2019-09-25"
"121","2019-09-26"
"112","2019-09-27"
"113","2019-09-28"
"105","2019-09-29"
"153","2019-09-30"
"165","2019-10-01"
"153","2019-10-02"
"145","2019-10-03"
"109","2019-10-04"
"106","2019-10-05"
"113","2019-10-06"
"138","2019-10-07"
"139","2019-10-08"
"135","2019-10-09"
"99","2019-10-10"
"106","2019-10-11"
"104","2019-10-12"
"107","2019-10-13"
"122","2019-10-14"
"139","2019-10-15"
"135","2019-10-16"
"125","2019-10-17"
"162","2019-10-18"
"130","2019-10-19"
"100","2019-10-20"
"150","2019-10-21"
"106","2019-10-22"
"124","2019-10-23"
"105","2019-10-24"
"94","2019-10-25"
"103","2019-10-26"
"95","2019-10-27"
"127","2019-10-28"
"122","2019-10-29"
"100","2019-10-30"
"107","2019-10-31"
"113","2019-11-01"
"89","2019-11-02"
"128","2019-11-03"
"134","2019-11-04"
"117","2019-11-05"
"126","2019-11-06"
"100","2019-11-07"
"88","2019-11-08"
"77","2019-11-09"
"95","2019-11-10"
"108","2019-11-11"
"124","2019-11-12"
"118","2019-11-13"
"107","2019-11-14"
"125","2019-11-15"
"93","2019-11-16"
"97","2019-11-17"
"116","2019-11-18"
"145","2019-11-19"
"137","2019-11-20"
"104","2019-11-21"
"1243","2019-11-22"
"999","2019-11-23"
"905","2019-11-24"
"627","2019-11-25"
"501","2019-11-26"
"530","2019-11-27"
"841","2019-11-28"
"1404","2019-11-29"
"999","2019-11-30"
"692","2019-12-01"
"929","2019-12-02"
"728","2019-12-03"
"441","2019-12-04"
"376","2019-12-05"
"310","2019-12-06"
"290","2019-12-07"
"352","2019-12-08"
"413","2019-12-09"
"327","2019-12-10"
"351","2019-12-11"
"579","2019-12-12"
"416","2019-12-13"
"162","2019-12-14"
"153","2019-12-15"
"178","2019-12-16"
"180","2019-12-17"
"149","2019-12-18"
"130","2019-12-19"
"125","2019-12-20"
"107","2019-12-21"
"124","2019-12-22"
"120","2019-12-23"
"94","2019-12-24"
"94","2019-12-25"
"133","2019-12-26"
"162","2019-12-27"
"121","2019-12-28"
"117","2019-12-29"
"135","2019-12-30"
"559","2019-12-31"
"292","2020-01-01"
"219","2020-01-02"
"134","2020-01-03"
"138","2020-01-04"
"119","2020-01-05"
"126","2020-01-06"
"124","2020-01-07"
"113","2020-01-08"
"107","2020-01-09"
"103","2020-01-10"
"108","2020-01-11"
"118","2020-01-12"
"130","2020-01-13"
"149","2020-01-14"
"134","2020-01-15"
"154","2020-01-16"
"136","2020-01-17"
"111","2020-01-18"
"114","2020-01-19"
"135","2020-01-20"
"166","2020-01-21"
"153","2020-01-22"
"121","2020-01-23"
"141","2020-01-24"
"190","2020-01-25"
"151","2020-01-26"
"140","2020-01-27"
"138","2020-01-28"
"162","2020-01-29"
"142","2020-01-30"
"160","2020-01-31"
"132","2020-02-01"
"132","2020-02-02"
"149","2020-02-03"
"140","2020-02-04"
"143","2020-02-05"
"131","2020-02-06"
"143","2020-02-07"
"118","2020-02-08"
"125","2020-02-09"
"155","2020-02-10"
"128","2020-02-11"
"105","2020-02-12"
"299","2020-02-13"
"291","2020-02-14"
"197","2020-02-15"
"170","2020-02-16"
"288","2020-02-17"
"177","2020-02-18"
"139","2020-02-19"
"138","2020-02-20"
"145","2020-02-21"
"152","2020-02-22"
"109","2020-02-23"
"129","2020-02-24"
"401","2020-02-25"
"242","2020-02-26"
"254","2020-02-27"
"182","2020-02-28"
"146","2020-02-29"
"325","2020-03-01"
"172","2020-03-02"
"146","2020-03-03"
"128","2020-03-04"
"123","2020-03-05"
"136","2020-03-06"
"117","2020-03-07"
"110","2020-03-08"
"108","2020-03-09"
"267","2020-03-10"
"167","2020-03-11"
"118","2020-03-12"
"99","2020-03-13"
"95","2020-03-14"
"167","2020-03-15"
"124","2020-03-16"
"458","2020-03-17"
"323","2020-03-18"
"406","2020-03-19"
"262","2020-03-20"
"181","2020-03-21"
"389","2020-03-22"
"139","2020-03-23"
"99","2020-03-24"
"63","2020-03-25"
"82","2020-03-26"
"111","2020-03-27"
"109","2020-03-28"
"126","2020-03-29"
"87","2020-03-30"
"89","2020-03-31"
"176","2020-04-01"
"169","2020-04-02"
"112","2020-04-03"
"71","2020-04-04"
"80","2020-04-05"
"92","2020-04-06"
"91","2020-04-07"
"90","2020-04-08"
"196","2020-04-09"
"127","2020-04-10"
"120","2020-04-11"
"91","2020-04-12"
"94","2020-04-13"
"98","2020-04-14"
"105","2020-04-15"
"100","2020-04-16"
"89","2020-04-17"
"83","2020-04-18"
"119","2020-04-19"
"99","2020-04-20"
"883","2020-04-21"
"249","2020-04-22"
"399","2020-04-23"
"180","2020-04-24"
"99","2020-04-25"
"102","2020-04-26"
"322","2020-04-27"
"146","2020-04-28"
"123","2020-04-29"
"151","2020-04-30"
"192","2020-05-01"
"119","2020-05-02"
"127","2020-05-03"
"110","2020-05-04"
"81","2020-05-05"
"90","2020-05-06"
"85","2020-05-07"
"102","2020-05-08"
"83","2020-05-09"
"71","2020-05-10"
"79","2020-05-11"
"179","2020-05-12"
"107","2020-05-13"
"91","2020-05-14"
"78","2020-05-15"
"60","2020-05-16"
"171","2020-05-17"
"147","2020-05-18"
"98","2020-05-19"
"101","2020-05-20"
"626","2020-05-21"
"243","2020-05-22"
"242","2020-05-23"
"171","2020-05-24"
"320","2020-05-25"
"130","2020-05-26"
"192","2020-05-27"
"121","2020-05-28"
"68","2020-05-29"
"60","2020-05-30"
"62","2020-05-31"
"81","2020-06-01"
"49","2020-06-02"
"78","2020-06-03"
"73","2020-06-04"
"55","2020-06-05"
"67","2020-06-06"
"66","2020-06-07"
"57","2020-06-08"
"54","2020-06-09"
"481","2020-06-10"
"350","2020-06-11"
"219","2020-06-12"
"178","2020-06-13"
"168","2020-06-14"
"165","2020-06-15"
"150","2020-06-16"
"286","2020-06-17"
"177","2020-06-18"
"187","2020-06-19"
"135","2020-06-20"
"285","2020-06-21"
"129","2020-06-22"
"47","2020-06-23"
"53","2020-06-24"
"83","2020-06-25"
"96","2020-06-26"
"67","2020-06-27"
"66","2020-06-28"
"87","2020-06-29"
"75","2020-06-30"
"204","2020-07-01"
"173","2020-07-02"
"168","2020-07-03"
"114","2020-07-04"
"170","2020-07-05"
"135","2020-07-06"
"57","2020-07-07"
"70","2020-07-08"
"85","2020-07-09"
"70","2020-07-10"
"62","2020-07-11"
"62","2020-07-12"
"77","2020-07-13"
"95","2020-07-14"
"87","2020-07-15"
"86","2020-07-16"
"69","2020-07-17"
"64","2020-07-18"
"54","2020-07-19"
"67","2020-07-20"
"91","2020-07-21"
"75","2020-07-22"
"57","2020-07-23"
"83","2020-07-24"
"42","2020-07-25"
"45","2020-07-26"
"60","2020-07-27"
"64","2020-07-28"
"68","2020-07-29"
"59","2020-07-30"
"64","2020-07-31"
"68","2020-08-01"
"60","2020-08-02"
"64","2020-08-03"
"150","2020-08-04"
"119","2020-08-05"
"88","2020-08-06"
"84","2020-08-07"
"79","2020-08-08"
"80","2020-08-09"
"78","2020-08-10"
"96","2020-08-11"
"107","2020-08-12"
"72","2020-08-13"
"80","2020-08-14"
"71","2020-08-15"
"123","2020-08-16"
"73","2020-08-17"
"62","2020-08-18"
"54","2020-08-19"
"46","2020-08-20"
"74","2020-08-21"
"55","2020-08-22"
"491","2020-08-23"
"326","2020-08-24"
"193","2020-08-25"
"238","2020-08-26"
"149","2020-08-27"
"152","2020-08-28"
"126","2020-08-29"
"249","2020-08-30"
"156","2020-08-31"
"78","2020-09-01"
"170","2020-09-02"
"189","2020-09-03"
"148","2020-09-04"
"116","2020-09-05"
"101","2020-09-06"
"170","2020-09-07"
"125","2020-09-08"
"59","2020-09-09"
"56","2020-09-10"
"60","2020-09-11"
"47","2020-09-12"
"48","2020-09-13"
"66","2020-09-14"
"54","2020-09-15"
"57","2020-09-16"
"204","2020-09-17"
"198","2020-09-18"
"116","2020-09-19"
"158","2020-09-20"
"148","2020-09-21"
"123","2020-09-22"
"148","2020-09-23"
"112","2020-09-24"
"117","2020-09-25"
"87","2020-09-26"
"202","2020-09-27"
"105","2020-09-28"
"68","2020-09-29"
"85","2020-09-30"
"55","2020-10-01"
"49","2020-10-02"
"36","2020-10-03"
"42","2020-10-04"
"49","2020-10-05"
"139","2020-10-06"
"125","2020-10-07"
"61","2020-10-08"
"47","2020-10-09"
"30","2020-10-10"
"47","2020-10-11"
"58","2020-10-12"
"328","2020-10-13"
"235","2020-10-14"
"143","2020-10-15"
"43","2020-10-16"
"45","2020-10-17"
"205","2020-10-18"
"319","2020-10-19"
"291","2020-10-20"
"106","2020-10-21"
"35","2020-10-22"
"50","2020-10-23"
"40","2020-10-24"
"44","2020-10-25"
"45","2020-10-26"
"38","2020-10-27"
"46","2020-10-28"
"40","2020-10-29"
"50","2020-10-30"
"33","2020-10-31"
"39","2020-11-01"
"44","2020-11-02"
"46","2020-11-03"
"33","2020-11-04"
"40","2020-11-05"
"119","2020-11-06"
"73","2020-11-07"
"55","2020-11-08"
"229","2020-11-09"
"318","2020-11-10"
"200","2020-11-11"
"158","2020-11-12"
"348","2020-11-13"
"181","2020-11-14"
"36","2020-11-15"
"41","2020-11-16"
"50","2020-11-17"
"61","2020-11-18"
"484","2020-11-19"
"479","2020-11-20"
"187","2020-11-21"
"479","2020-11-22"
"372","2020-11-23"
"216","2020-11-24"
"172","2020-11-25"
"166","2020-11-26"
"456","2020-11-27"
"355","2020-11-28"
"283","2020-11-29"
"397","2020-11-30"
"267","2020-12-01"
"173","2020-12-02"
"155","2020-12-03"
"138","2020-12-04"
"122","2020-12-05"
"176","2020-12-06"
"230","2020-12-07"
"181","2020-12-08"
"212","2020-12-09"
"183","2020-12-10"
"234","2020-12-11"
"196","2020-12-12"
"163","2020-12-13"
"141","2020-12-14"
"111","2020-12-15"
"93","2020-12-16"
"73","2020-12-17"
"65","2020-12-18"
"53","2020-12-19"
"56","2020-12-20"
"82","2020-12-21"
"54","2020-12-22"
"53","2020-12-23"
"46","2020-12-24"
"56","2020-12-25"
"66","2020-12-26"
"63","2020-12-27"
"142","2020-12-28"
"309","2020-12-29"
"162","2020-12-30"
"170","2020-12-31"
"141","2021-01-01"
"82","2021-01-02"
"120","2021-01-03"
"155","2021-01-04"
"71","2021-01-05"
"64","2021-01-06"
"55","2021-01-07"
"66","2021-01-08"
"47","2021-01-09"
"59","2021-01-10"
"66","2021-01-11"
"44","2021-01-12"
"56","2021-01-13"
"48","2021-01-14"
"55","2021-01-15"
"47","2021-01-16"
"52","2021-01-17"
"52","2021-01-18"
"85","2021-01-19"
"85","2021-01-20"
"67","2021-01-21"
"75","2021-01-22"
"51","2021-01-23"
"105","2021-01-24"
"84","2021-01-25"
"78","2021-01-26"
"59","2021-01-27"
"65","2021-01-28"
"66","2021-01-29"
"61","2021-01-30"
"83","2021-01-31"
"77","2021-02-01"
"63","2021-02-02"
"51","2021-02-03"
"65","2021-02-04"
"52","2021-02-05"
"42","2021-02-06"
"146","2021-02-07"
"106","2021-02-08"
"128","2021-02-09"
"102","2021-02-10"
"106","2021-02-11"
"89","2021-02-12"
"52","2021-02-13"
"81","2021-02-14"
"79","2021-02-15"
"227","2021-02-16"
"126","2021-02-17"
"56","2021-02-18"
"56","2021-02-19"
"54","2021-02-20"
"333","2021-02-21"
"213","2021-02-22"
"120","2021-02-23"
"115","2021-02-24"
"144","2021-02-25"
"115","2021-02-26"
"139","2021-02-27"
"95","2021-02-28"
"117","2021-03-01"
"105","2021-03-02"
"122","2021-03-03"
"125","2021-03-04"
"98","2021-03-05"
"82","2021-03-06"
"69","2021-03-07"
"186","2021-03-08"
"104","2021-03-09"
"137","2021-03-10"
"162","2021-03-11"
"212","2021-03-12"
"109","2021-03-13"
"197","2021-03-14"
"217","2021-03-15"
"200","2021-03-16"
"250","2021-03-17"
"259","2021-03-18"
"244","2021-03-19"
"112","2021-03-20"
"106","2021-03-21"
"121","2021-03-22"
"103","2021-03-23"
"108","2021-03-24"
"178","2021-03-25"
"213","2021-03-26"
"157","2021-03-27"
"201","2021-03-28"
"167","2021-03-29"
"103","2021-03-30"
"112","2021-03-31"
"125","2021-04-01"
"103","2021-04-02"
"91","2021-04-03"
"77","2021-04-04"
"99","2021-04-05"
"84","2021-04-06"
"102","2021-04-07"
"114","2021-04-08"
"111","2021-04-09"
"73","2021-04-10"
"79","2021-04-11"
"100","2021-04-12"
"97","2021-04-13"
"108","2021-04-14"
"127","2021-04-15"
"112","2021-04-16"
"97","2021-04-17"
"83","2021-04-18"
"107","2021-04-19"
"133","2021-04-20"
"122","2021-04-21"
"110","2021-04-22"
"95","2021-04-23"
"103","2021-04-24"
"115","2021-04-25"
"103","2021-04-26"
"97","2021-04-27"
"103","2021-04-28"
"189","2021-04-29"
"216","2021-04-30"
"207","2021-05-01"
"144","2021-05-02"
"144","2021-05-03"
"120","2021-05-04"
"113","2021-05-05"
"78","2021-05-06"
"75","2021-05-07"
"61","2021-05-08"
"77","2021-05-09"
"85","2021-05-10"
"739","2021-05-11"
"140","2021-05-12"
"211","2021-05-13"
"113","2021-05-14"
"82","2021-05-15"
"130","2021-05-16"
"101","2021-05-17"
"83","2021-05-18"
"94","2021-05-19"
"80","2021-05-20"
"98","2021-05-21"
"64","2021-05-22"
"71","2021-05-23"
"113","2021-05-24"
"113","2021-05-25"
"72","2021-05-26"
"95","2021-05-27"
"95","2021-05-28"
"80","2021-05-29"
"87","2021-05-30"
"108","2021-05-31"
"107","2021-06-01"
"71","2021-06-02"
"91","2021-06-03"
"82","2021-06-04"
"77","2021-06-05"
"62","2021-06-06"
"126","2021-06-07"
"112","2021-06-08"
"106","2021-06-09"
"83","2021-06-10"
"89","2021-06-11"
"57","2021-06-12"
"90","2021-06-13"
"109","2021-06-14"
"83","2021-06-15"
"100","2021-06-16"
"74","2021-06-17"
"91","2021-06-18"
"79","2021-06-19"
"57","2021-06-20"
"434","2021-06-21"
"262","2021-06-22"
"211","2021-06-23"
"236","2021-06-24"
"222","2021-06-25"
"136","2021-06-26"
"360","2021-06-27"
"217","2021-06-28"
"56","2021-06-29"
"57","2021-06-30"
"50","2021-07-01"
"51","2021-07-02"
"63","2021-07-03"
"58","2021-07-04"
"71","2021-07-05"
"58","2021-07-06"
"67","2021-07-07"
"69","2021-07-08"
"71","2021-07-09"
"66","2021-07-10"
"60","2021-07-11"
"59","2021-07-12"
"84","2021-07-13"
"72","2021-07-14"
"85","2021-07-15"
"83","2021-07-16"
"58","2021-07-17"
"105","2021-07-18"
"96","2021-07-19"
"74","2021-07-20"
"105","2021-07-21"
"88","2021-07-22"
"94","2021-07-23"
"71","2021-07-24"
"150","2021-07-25"
"118","2021-07-26"
"156","2021-07-27"
"87","2021-07-28"
"93","2021-07-29"
"147","2021-07-30"
"70","2021-07-31"
"112","2021-08-01"
"110","2021-08-02"
"103","2021-08-03"
"102","2021-08-04"
"147","2021-08-05"
"118","2021-08-06"
"96","2021-08-07"
"109","2021-08-08"
"121","2021-08-09"
"98","2021-08-10"
"95","2021-08-11"
"106","2021-08-12"
"62","2021-08-13"
"64","2021-08-14"
"93","2021-08-15"
"103","2021-08-16"
"81","2021-08-17"
"392","2021-08-18"
"214","2021-08-19"
"210","2021-08-20"
"169","2021-08-21"
"127","2021-08-22"
"157","2021-08-23"
"180","2021-08-24"
"153","2021-08-25"
"145","2021-08-26"
"111","2021-08-27"
"89","2021-08-28"
"90","2021-08-29"
"120","2021-08-30"
"116","2021-08-31"
"111","2021-09-01"
"125","2021-09-02"
"175","2021-09-03"
"142","2021-09-04"
"580","2021-09-05"
"160","2021-09-06"
"150","2021-09-07"
"90","2021-09-08"
"69","2021-09-09"
"94","2021-09-10"
"2327","2021-09-11"
"4458","2021-09-12"
"172","2021-09-13"
"95","2021-09-14"
"155","2021-09-15"
"117","2021-09-16"
"93","2021-09-17"
"85","2021-09-18"
"110","2021-09-19"
"95","2021-09-20"
"121","2021-09-21"
"132","2021-09-22"
"107","2021-09-23"
"120","2021-09-24"
"87","2021-09-25"
"92","2021-09-26"
"98","2021-09-27"
"116","2021-09-28"
"121","2021-09-29"
"114","2021-09-30"
"100","2021-10-01"
"79","2021-10-02"
"123","2021-10-03"
"121","2021-10-04"
"79","2021-10-05"
"120","2021-10-06"
"124","2021-10-07"
"105","2021-10-08"
"81","2021-10-09"
"76","2021-10-10"
"118","2021-10-11"
"82","2021-10-12"
"92","2021-10-13"
"91","2021-10-14"
"111","2021-10-15"
"73","2021-10-16"
"76","2021-10-17"
"83","2021-10-18"
"92","2021-10-19"
"116","2021-10-20"
"112","2021-10-21"
"102","2021-10-22"
"96","2021-10-23"
"101","2021-10-24"
"94","2021-10-25"
"107","2021-10-26"
"90","2021-10-27"
"80","2021-10-28"
"80","2021-10-29"
"73","2021-10-30"
"71","2021-10-31"
"87","2021-11-01"
"100","2021-11-02"
"89","2021-11-03"
"88","2021-11-04"
"94","2021-11-05"
"82","2021-11-06"
"86","2021-11-07"
"97","2021-11-08"
"80","2021-11-09"
"94","2021-11-10"
"104","2021-11-11"
"86","2021-11-12"
"72","2021-11-13"
"80","2021-11-14"
"167","2021-11-15"
"152","2021-11-16"
"195","2021-11-17"
"431","2021-11-18"
"321","2021-11-19"
"101","2021-11-20"
"93","2021-11-21"
"110","2021-11-22"
"134","2021-11-23"
"174","2021-11-24"
"580","2021-11-25"
"692","2021-11-26"
"476","2021-11-27"
"352","2021-11-28"
"409","2021-11-29"
"517","2021-11-30"
"278","2021-12-01"
"179","2021-12-02"
"137","2021-12-03"
"113","2021-12-04"
"94","2021-12-05"
"122","2021-12-06"
"95","2021-12-07"
"133","2021-12-08"
"140","2021-12-09"
"141","2021-12-10"
"101","2021-12-11"
"107","2021-12-12"
"121","2021-12-13"
"136","2021-12-14"
"121","2021-12-15"
"93","2021-12-16"
"131","2021-12-17"
"90","2021-12-18"
"89","2021-12-19"
"113","2021-12-20"
"146","2021-12-21"
"105","2021-12-22"
"108","2021-12-23"
"72","2021-12-24"
"87","2021-12-25"
"84","2021-12-26"
"79","2021-12-27"
"80","2021-12-28"
"102","2021-12-29"
"134","2021-12-30"
"67","2021-12-31"
"76","2022-01-01"
"82","2022-01-02"
"101","2022-01-03"
"85","2022-01-04"
"186","2022-01-05"
"75","2022-01-06"
"116","2022-01-07"
"76","2022-01-08"
"107","2022-01-09"
"97","2022-01-10"
"100","2022-01-11"
"168","2022-01-12"
"97","2022-01-13"
"107","2022-01-14"
"82","2022-01-15"
"89","2022-01-16"
"102","2022-01-17"
"161","2022-01-18"
"168","2022-01-19"
"331","2022-01-20"
"136","2022-01-21"
"107","2022-01-22"
"116","2022-01-23"
"134","2022-01-24"
"124","2022-01-25"
"109","2022-01-26"
"145","2022-01-27"
"134","2022-01-28"
"90","2022-01-29"
"127","2022-01-30"
"121","2022-01-31"
"95","2022-02-01"
"96","2022-02-02"
"174","2022-02-03"
"106","2022-02-04"
"87","2022-02-05"
"81","2022-02-06"
"97","2022-02-07"
"100","2022-02-08"
"88","2022-02-09"
"95","2022-02-10"
"134","2022-02-11"
"77","2022-02-12"
"88","2022-02-13"
"116","2022-02-14"
"99","2022-02-15"
"95","2022-02-16"
"113","2022-02-17"
"90","2022-02-18"
"84","2022-02-19"
"155","2022-02-20"
"126","2022-02-21"
"125","2022-02-22"
"155","2022-02-23"
"130","2022-02-24"
"160","2022-02-25"
"97","2022-02-26"
"119","2022-02-27"
"144","2022-02-28"
"150","2022-03-01"
"112","2022-03-02"
"132","2022-03-03"
"118","2022-03-04"
"107","2022-03-05"
"109","2022-03-06"
"148","2022-03-07"
"131","2022-03-08"
"118","2022-03-09"
"96","2022-03-10"
"96","2022-03-11"
"98","2022-03-12"
"110","2022-03-13"
"153","2022-03-14"
"112","2022-03-15"
"88","2022-03-16"
"115","2022-03-17"
"109","2022-03-18"
"104","2022-03-19"
"136","2022-03-20"
"133","2022-03-21"
"209","2022-03-22"
"135","2022-03-23"
"190","2022-03-24"
"98","2022-03-25"
"95","2022-03-26"
"127","2022-03-27"
"99","2022-03-28"
"122","2022-03-29"
"137","2022-03-30"
"123","2022-03-31"
"193","2022-04-01"
"129","2022-04-02"
"116","2022-04-03"
"152","2022-04-04"
"121","2022-04-05"
"127","2022-04-06"
"113","2022-04-07"
"106","2022-04-08"
"112","2022-04-09"
"122","2022-04-10"
"149","2022-04-11"
"162","2022-04-12"
"140","2022-04-13"
"144","2022-04-14"
"131","2022-04-15"
"111","2022-04-16"
"106","2022-04-17"
"115","2022-04-18"
"128","2022-04-19"
"112","2022-04-20"
"136","2022-04-21"
"109","2022-04-22"
"89","2022-04-23"
"104","2022-04-24"
"107","2022-04-25"
"162","2022-04-26"
"771","2022-04-27"
"265","2022-04-28"
"224","2022-04-29"
"118","2022-04-30"
"123","2022-05-01"
"172","2022-05-02"
"168","2022-05-03"
"155","2022-05-04"
"125","2022-05-05"
"134","2022-05-06"
"124","2022-05-07"
"102","2022-05-08"
"163","2022-05-09"
"159","2022-05-10"
"130","2022-05-11"
"159","2022-05-12"
"123","2022-05-13"
"92","2022-05-14"
"107","2022-05-15"
"186","2022-05-16"
"195","2022-05-17"
"183","2022-05-18"
"159","2022-05-19"
"190","2022-05-20"
"170","2022-05-21"
"242","2022-05-22"
"247","2022-05-23"
"229","2022-05-24"
"198","2022-05-25"
"217","2022-05-26"
"162","2022-05-27"
"107","2022-05-28"
"178","2022-05-29"
"156","2022-05-30"
"181","2022-05-31"
"197","2022-06-01"
"165","2022-06-02"
"162","2022-06-03"
"107","2022-06-04"
"126","2022-06-05"
"164","2022-06-06"
"256","2022-06-07"
"297","2022-06-08"
"206","2022-06-09"
"180","2022-06-10"
"129","2022-06-11"
"158","2022-06-12"
"160","2022-06-13"
"172","2022-06-14"
"139","2022-06-15"
"198","2022-06-16"
"149","2022-06-17"
"115","2022-06-18"
"105","2022-06-19"
"167","2022-06-20"
"163","2022-06-21"
"162","2022-06-22"
"219","2022-06-23"
"139","2022-06-24"
"132","2022-06-25"
"116","2022-06-26"
"191","2022-06-27"
"140","2022-06-28"
"154","2022-06-29"
"128","2022-06-30"
"149","2022-07-01"
"115","2022-07-02"
"136","2022-07-03"
"252","2022-07-04"
"143","2022-07-05"
"130","2022-07-06"
"223","2022-07-07"
"192","2022-07-08"
"139","2022-07-09"
"144","2022-07-10"
"187","2022-07-11"
"425","2022-07-12"
"337","2022-07-13"
"287","2022-07-14"
"299","2022-07-15"
"253","2022-07-16"
"395","2022-07-17"
"221","2022-07-18"
"156","2022-07-19"
"137","2022-07-20"
"119","2022-07-21"
"251","2022-07-22"
"114","2022-07-23"
"129","2022-07-24"
"144","2022-07-25"
"154","2022-07-26"
"165","2022-07-27"
"157","2022-07-28"
"134","2022-07-29"
"116","2022-07-30"
"130","2022-07-31"
"236","2022-08-01"
"187","2022-08-02"
"189","2022-08-03"
"163","2022-08-04"
"179","2022-08-05"
"114","2022-08-06"
"127","2022-08-07"
"267","2022-08-08"
"184","2022-08-09"
"153","2022-08-10"
"139","2022-08-11"
"124","2022-08-12"
"156","2022-08-13"
"115","2022-08-14"
"178","2022-08-15"
"121","2022-08-16"
"179","2022-08-17"
"161","2022-08-18"
"265","2022-08-19"
"122","2022-08-20"
"128","2022-08-21"
"192","2022-08-22"
"186","2022-08-23"
"145","2022-08-24"
"147","2022-08-25"
"166","2022-08-26"
"116","2022-08-27"
"122","2022-08-28"
"158","2022-08-29"
"174","2022-08-30"
"267","2022-08-31"
"155","2022-09-01"
"171","2022-09-02"
"110","2022-09-03"
"143","2022-09-04"
"166","2022-09-05"
"139","2022-09-06"
"123","2022-09-07"
"149","2022-09-08"
"152","2022-09-09"
"101","2022-09-10"
"118","2022-09-11"
"184","2022-09-12"
"148","2022-09-13"
"155","2022-09-14"
"186","2022-09-15"
"153","2022-09-16"
"105","2022-09-17"
"114","2022-09-18"
"241","2022-09-19"
"174","2022-09-20"
"156","2022-09-21"
"121","2022-09-22"
"100","2022-09-23"
"79","2022-09-24"
"116","2022-09-25"
"200","2022-09-26"
"119","2022-09-27"
"123","2022-09-28"
"103","2022-09-29"
"136","2022-09-30"
"115","2022-10-01"
"77","2022-10-02"
"178","2022-10-03"
"121","2022-10-04"
"143","2022-10-05"
"97","2022-10-06"
"119","2022-10-07"
"89","2022-10-08"
"72","2022-10-09"
"184","2022-10-10"
"113","2022-10-11"
"126","2022-10-12"
"118","2022-10-13"
"95","2022-10-14"
"73","2022-10-15"
"100","2022-10-16"
"133","2022-10-17"
"109","2022-10-18"
"111","2022-10-19"
"114","2022-10-20"
"148","2022-10-21"
"102","2022-10-22"
"116","2022-10-23"
"188","2022-10-24"
"214","2022-10-25"
"755","2022-10-26"
"242","2022-10-27"
"173","2022-10-28"
"179","2022-10-29"
"115","2022-10-30"
"155","2022-10-31"
"192","2022-11-01"
"98","2022-11-02"
"299","2022-11-03"
"283","2022-11-04"
"203","2022-11-05"
"242","2022-11-06"
"323","2022-11-07"
"272","2022-11-08"
"146","2022-11-09"
"156","2022-11-10"
"140","2022-11-11"
"125","2022-11-12"
"110","2022-11-13"
"151","2022-11-14"
"145","2022-11-15"
"117","2022-11-16"
"146","2022-11-17"
"113","2022-11-18"
"97","2022-11-19"
"80","2022-11-20"
"207","2022-11-21"
"791","2022-11-22"
"621","2022-11-23"
"686","2022-11-24"
"1209","2022-11-25"
"761","2022-11-26"
"560","2022-11-27"
"825","2022-11-28"
"676","2022-11-29"
"368","2022-11-30"
"300","2022-12-01"
"451","2022-12-02"
"319","2022-12-03"
"343","2022-12-04"
"394","2022-12-05"
"371","2022-12-06"
"349","2022-12-07"
"297","2022-12-08"
"375","2022-12-09"
"304","2022-12-10"
"573","2022-12-11"
"464","2022-12-12"
"222","2022-12-13"
"210","2022-12-14"
"201","2022-12-15"
"146","2022-12-16"
"142","2022-12-17"
"131","2022-12-18"
"118","2022-12-19"
"193","2022-12-20"
"106","2022-12-21"
"107","2022-12-22"
"72","2022-12-23"
"90","2022-12-24"
"66","2022-12-25"
"114","2022-12-26"
"140","2022-12-27"
"120","2022-12-28"
"117","2022-12-29"
"140","2022-12-30"
"150","2022-12-31"
"91","2023-01-01"
"124","2023-01-02"
"103","2023-01-03"
"151","2023-01-04"
"162","2023-01-05"
"136","2023-01-06"
"88","2023-01-07"
"144","2023-01-08"
"195","2023-01-09"
"143","2023-01-10"
"121","2023-01-11"
"183","2023-01-12"
"161","2023-01-13"
"99","2023-01-14"
"108","2023-01-15"
"147","2023-01-16"
"163","2023-01-17"
"142","2023-01-18"
"107","2023-01-19"
"165","2023-01-20"
"121","2023-01-21"
"109","2023-01-22"
"147","2023-01-23"
"122","2023-01-24"
"157","2023-01-25"
"118","2023-01-26"
"102","2023-01-27"
"116","2023-01-28"
"172","2023-01-29"
"185","2023-01-30"
"278","2023-01-31"
"315","2023-02-01"
"773","2023-02-02"
"450","2023-02-03"
"242","2023-02-04"
"339","2023-02-05"
"237","2023-02-06"
"212","2023-02-07"
"166","2023-02-08"
"175","2023-02-09"
"167","2023-02-10"
"98","2023-02-11"
"90","2023-02-12"
"151","2023-02-13"
"151","2023-02-14"
"143","2023-02-15"
"122","2023-02-16"
"122","2023-02-17"
"85","2023-02-18"
"100","2023-02-19"
"179","2023-02-20"
"110","2023-02-21"
"133","2023-02-22"
"114","2023-02-23"
"180","2023-02-24"
"90","2023-02-25"
"95","2023-02-26"
"149","2023-02-27"
"125","2023-02-28"
"165","2023-03-01"
"119","2023-03-02"
"134","2023-03-03"
"99","2023-03-04"
"103","2023-03-05"
"145","2023-03-06"
"114","2023-03-07"
"130","2023-03-08"
"105","2023-03-09"
"99","2023-03-10"
"121","2023-03-11"
"106","2023-03-12"
"141","2023-03-13"
"172","2023-03-14"
"143","2023-03-15"
"143","2023-03-16"
"126","2023-03-17"
"109","2023-03-18"
"126","2023-03-19"
"123","2023-03-20"
"188","2023-03-21"
"139","2023-03-22"
"125","2023-03-23"
"164","2023-03-24"
"85","2023-03-25"
"83","2023-03-26"
"136","2023-03-27"
"129","2023-03-28"
"100","2023-03-29"
"100","2023-03-30"
"107","2023-03-31"
"98","2023-04-01"
"96","2023-04-02"
"182","2023-04-03"
"94","2023-04-04"
"143","2023-04-05"
"125","2023-04-06"
"88","2023-04-07"
"87","2023-04-08"
"85","2023-04-09"
"143","2023-04-10"
"127","2023-04-11"
"167","2023-04-12"
"140","2023-04-13"
"124","2023-04-14"
"102","2023-04-15"
"103","2023-04-16"
"170","2023-04-17"
"120","2023-04-18"
"113","2023-04-19"
"103","2023-04-20"
"114","2023-04-21"
"74","2023-04-22"
"88","2023-04-23"
"124","2023-04-24"
"110","2023-04-25"
"119","2023-04-26"
"158","2023-04-27"
"105","2023-04-28"
"59","2023-04-29"
"127","2023-04-30"
"121","2023-05-01"
"174","2023-05-02"
"108","2023-05-03"
"111","2023-05-04"
"114","2023-05-05"
"55","2023-05-06"
"129","2023-05-07"
"193","2023-05-08"
"143","2023-05-09"
"121","2023-05-10"
"97","2023-05-11"
"106","2023-05-12"
"98","2023-05-13"
"103","2023-05-14"
"179","2023-05-15"
"154","2023-05-16"
"100","2023-05-17"
"108","2023-05-18"
"160","2023-05-19"
"104","2023-05-20"
"151","2023-05-21"
"166","2023-05-22"
"164","2023-05-23"
"118","2023-05-24"
"146","2023-05-25"
"114","2023-05-26"
"122","2023-05-27"
"119","2023-05-28"
"141","2023-05-29"
"140","2023-05-30"
"158","2023-05-31"
"146","2023-06-01"
"129","2023-06-02"
"117","2023-06-03"
"129","2023-06-04"
"176","2023-06-05"
"158","2023-06-06"
"171","2023-06-07"
"145","2023-06-08"
"133","2023-06-09"
"117","2023-06-10"
"142","2023-06-11"
"160","2023-06-12"
"736","2023-06-13"
"495","2023-06-14"
"339","2023-06-15"
"382","2023-06-16"
"332","2023-06-17"
"324","2023-06-18"
"480","2023-06-19"
"479","2023-06-20"
"555","2023-06-21"
"214","2023-06-22"
"87","2023-06-23"
"68","2023-06-24"
"91","2023-06-25"
"173","2023-06-26"
"144","2023-06-27"
"133","2023-06-28"
"116","2023-06-29"
"129","2023-06-30"
"128","2023-07-01"
"114","2023-07-02"
"150","2023-07-03"
"97","2023-07-04"
"124","2023-07-05"
"116","2023-07-06"
"101","2023-07-07"
"81","2023-07-08"
"96","2023-07-09"
"176","2023-07-10"
"671","2023-07-11"
"755","2023-07-12"
"407","2023-07-13"
"101","2023-07-14"
"76","2023-07-15"
"99","2023-07-16"
"128","2023-07-17"
"131","2023-07-18"
"97","2023-07-19"
"145","2023-07-20"
"78","2023-07-21"
"88","2023-07-22"
"80","2023-07-23"
"114","2023-07-24"
"91","2023-07-25"
"113","2023-07-26"
"92","2023-07-27"
"133","2023-07-28"
"88","2023-07-29"
"102","2023-07-30"
"136","2023-07-31"
"129","2023-08-01"
"111","2023-08-02"
"141","2023-08-03"
"162","2023-08-04"
"116","2023-08-05"
"94","2023-08-06"
"150","2023-08-07"
"127","2023-08-08"
"137","2023-08-09"
"237","2023-08-10"
"163","2023-08-11"
"101","2023-08-12"
"118","2023-08-13"
"201","2023-08-14"
"140","2023-08-15"
"148","2023-08-16"
"124","2023-08-17"
"167","2023-08-18"
"79","2023-08-19"
"123","2023-08-20"
"140","2023-08-21"
"154","2023-08-22"
"142","2023-08-23"
"168","2023-08-24"
"146","2023-08-25"
"118","2023-08-26"
"124","2023-08-27"
"143","2023-08-28"
"127","2023-08-29"
"141","2023-08-30"
"142","2023-08-31"
"150","2023-09-01"
"228","2023-09-02"
"118","2023-09-03"
"154","2023-09-04"
"174","2023-09-05"
"186","2023-09-06"
"183","2023-09-07"
"275","2023-09-08"
"176","2023-09-09"
"220","2023-09-10"
"208","2023-09-11"
"621","2023-09-12"
"445","2023-09-13"
"223","2023-09-14"
"346","2023-09-15"
"198","2023-09-16"
"187","2023-09-17"
"337","2023-09-18"
"771","2023-09-19"
"414","2023-09-20"
"243","2023-09-21"
"164","2023-09-22"
"122","2023-09-23"
"133","2023-09-24"
"253","2023-09-25"
"151","2023-09-26"
"187","2023-09-27"
"140","2023-09-28"
"115","2023-09-29"
"102","2023-09-30"
"117","2023-10-01"
"146","2023-10-02"
"163","2023-10-03"
"107","2023-10-04"
"124","2023-10-05"
"115","2023-10-06"
"90","2023-10-07"
"95","2023-10-08"
"155","2023-10-09"
"582","2023-10-10"
"559","2023-10-11"
"402","2023-10-12"
"119","2023-10-13"
"86","2023-10-14"
"90","2023-10-15"
"165","2023-10-16"
"128","2023-10-17"
"153","2023-10-18"
"134","2023-10-19"
"94","2023-10-20"
"89","2023-10-21"
"83","2023-10-22"
"143","2023-10-23"
"144","2023-10-24"
"139","2023-10-25"
"95","2023-10-26"
"115","2023-10-27"
"92","2023-10-28"
"142","2023-10-29"
"144","2023-10-30"
"140","2023-10-31"
"105","2023-11-01"
"94","2023-11-02"
"119","2023-11-03"
"88","2023-11-04"
"88","2023-11-05"
"129","2023-11-06"
"131","2023-11-07"
"136","2023-11-08"
"105","2023-11-09"
"137","2023-11-10"
"82","2023-11-11"
"121","2023-11-12"
"155","2023-11-13"
"180","2023-11-14"
"109","2023-11-15"
"127","2023-11-16"
"152","2023-11-17"
"111","2023-11-18"
"278","2023-11-19"
"293","2023-11-20"
"706","2023-11-21"
"588","2023-11-22"
"585","2023-11-23"
"1190","2023-11-24"
"1101","2023-11-25"
"703","2023-11-26"
"1053","2023-11-27"
"1009","2023-11-28"
"427","2023-11-29"
"449","2023-11-30"
"410","2023-12-01"
"410","2023-12-02"
"449","2023-12-03"
"651","2023-12-04"
"408","2023-12-05"
"496","2023-12-06"
"363","2023-12-07"
"387","2023-12-08"
"325","2023-12-09"
"397","2023-12-10"
"439","2023-12-11"
"384","2023-12-12"
"339","2023-12-13"
"238","2023-12-14"
"252","2023-12-15"
"208","2023-12-16"
"120","2023-12-17"
"182","2023-12-18"
"173","2023-12-19"
"163","2023-12-20"
"157","2023-12-21"
"91","2023-12-22"
"68","2023-12-23"
"87","2023-12-24"
"75","2023-12-25"
"143","2023-12-26"
"169","2023-12-27"
"272","2023-12-28"
"149","2023-12-29"
"117","2023-12-30"
"126","2023-12-31"
"117","2024-01-01"
"154","2024-01-02"
"164","2024-01-03"
"149","2024-01-04"
"100","2024-01-05"
"95","2024-01-06"
"123","2024-01-07"
"147","2024-01-08"
"115","2024-01-09"
"184","2024-01-10"
"146","2024-01-11"
"167","2024-01-12"
"76","2024-01-13"
"91","2024-01-14"
"150","2024-01-15"
"449","2024-01-16"
"434","2024-01-17"
"207","2024-01-18"
"174","2024-01-19"
"94","2024-01-20"
"154","2024-01-21"
"204","2024-01-22"
"118","2024-01-23"
"202","2024-01-24"
"116","2024-01-25"
"161","2024-01-26"
"97","2024-01-27"
"112","2024-01-28"
"128","2024-01-29"
"113","2024-01-30"
"204","2024-01-31"
"119","2024-02-01"
"123","2024-02-02"
"91","2024-02-03"
"97","2024-02-04"
"150","2024-02-05"
"117","2024-02-06"
"157","2024-02-07"
"144","2024-02-08"
"158","2024-02-09"
"88","2024-02-10"
"88","2024-02-11"
"107","2024-02-12"
"130","2024-02-13"
"186","2024-02-14"
"126","2024-02-15"
"234","2024-02-16"
"174","2024-02-17"
"387","2024-02-18"
"263","2024-02-19"
"200","2024-02-20"
"168","2024-02-21"
"195","2024-02-22"
"292","2024-02-23"
"216","2024-02-24"
"196","2024-02-25"
"209","2024-02-26"
"217","2024-02-27"
"249","2024-02-28"
"151","2024-02-29"
"115","2024-03-01"
"135","2024-03-02"
"122","2024-03-03"
"125","2024-03-04"
"141","2024-03-05"
"133","2024-03-06"
"228","2024-03-07"
"122","2024-03-08"
"98","2024-03-09"
"119","2024-03-10"
"155","2024-03-11"
"219","2024-03-12"
"164","2024-03-13"
"149","2024-03-14"
"142","2024-03-15"
"115","2024-03-16"
"144","2024-03-17"
"170","2024-03-18"
"156","2024-03-19"
"150","2024-03-20"
"125","2024-03-21"
"138","2024-03-22"
"121","2024-03-23"
"103","2024-03-24"
"132","2024-03-25"
"128","2024-03-26"
"132","2024-03-27"
"102","2024-03-28"
"175","2024-03-29"
"87","2024-03-30"
"86","2024-03-31"
"129","2024-04-01"
"111","2024-04-02"
"161","2024-04-03"
"134","2024-04-04"
"151","2024-04-05"
"92","2024-04-06"
"85","2024-04-07"
"143","2024-04-08"
"183","2024-04-09"
"135","2024-04-10"
"100","2024-04-11"
"130","2024-04-12"
"102","2024-04-13"
"122","2024-04-14"
"155","2024-04-15"
"157","2024-04-16"
"131","2024-04-17"
"142","2024-04-18"
"120","2024-04-19"
"106","2024-04-20"
"139","2024-04-21"
"156","2024-04-22"
"154","2024-04-23"
"117","2024-04-24"
"142","2024-04-25"
"252","2024-04-26"
"109","2024-04-27"
"109","2024-04-28"
"205","2024-04-29"
"145","2024-04-30"
"163","2024-05-01"
"123","2024-05-02"
"151","2024-05-03"
"137","2024-05-04"
"123","2024-05-05"
"157","2024-05-06"
"185","2024-05-07"
"148","2024-05-08"
"140","2024-05-09"
"170","2024-05-10"
"107","2024-05-11"
"106","2024-05-12"
"149","2024-05-13"
"153","2024-05-14"
"178","2024-05-15"
"150","2024-05-16"
"131","2024-05-17"
"215","2024-05-18"
"222","2024-05-19"
"288","2024-05-20"
"394","2024-05-21"
"366","2024-05-22"
"340","2024-05-23"
"270","2024-05-24"
"248","2024-05-25"
"243","2024-05-26"
"364","2024-05-27"
"306","2024-05-28"
"339","2024-05-29"
"341","2024-05-30"
"345","2024-05-31"
"106","2024-06-01"
"110","2024-06-02"
"161","2024-06-03"
"155","2024-06-04"
"207","2024-06-05"
"187","2024-06-06"
"210","2024-06-07"
"147","2024-06-08"
"162","2024-06-09"
"241","2024-06-10"
"195","2024-06-11"
"154","2024-06-12"
"164","2024-06-13"
"143","2024-06-14"
"115","2024-06-15"
"124","2024-06-16"
"154","2024-06-17"
"136","2024-06-18"
"171","2024-06-19"
"146","2024-06-20"
"128","2024-06-21"
"98","2024-06-22"
"106","2024-06-23"
"182","2024-06-24"
"194","2024-06-25"
"164","2024-06-26"
"145","2024-06-27"
"113","2024-06-28"
"102","2024-06-29"
"92","2024-06-30"
"130","2024-07-01"
"135","2024-07-02"
"111","2024-07-03"
"94","2024-07-04"
"81","2024-07-05"
"73","2024-07-06"
"88","2024-07-07"
"175","2024-07-08"
"188","2024-07-09"
"131","2024-07-10"
"104","2024-07-11"
"146","2024-07-12"
"100","2024-07-13"
"108","2024-07-14"
"138","2024-07-15"
"402","2024-07-16"
"341","2024-07-17"
"280","2024-07-18"
"259","2024-07-19"
"187","2024-07-20"
"211","2024-07-21"
"367","2024-07-22"
"374","2024-07-23"
"200","2024-07-24"
"123","2024-07-25"
"151","2024-07-26"
"107","2024-07-27"
"133","2024-07-28"
"146","2024-07-29"
"137","2024-07-30"
"167","2024-07-31"
"338","2024-08-01"
"488","2024-08-02"
"340","2024-08-03"
"382","2024-08-04"
"407","2024-08-05"
"293","2024-08-06"
"289","2024-08-07"
"407","2024-08-08"
"309","2024-08-09"
"141","2024-08-10"
"198","2024-08-11"
"210","2024-08-12"
"197","2024-08-13"
"180","2024-08-14"
"124","2024-08-15"
"163","2024-08-16"
"103","2024-08-17"
"139","2024-08-18"
"165","2024-08-19"
"164","2024-08-20"
"243","2024-08-21"
"328","2024-08-22"
"314","2024-08-23"
"201","2024-08-24"
"275","2024-08-25"
"237","2024-08-26"
"181","2024-08-27"
"173","2024-08-28"
"157","2024-08-29"
"160","2024-08-30"
"153","2024-08-31"
"144","2024-09-01"
"151","2024-09-02"
"206","2024-09-03"
"174","2024-09-04"
"176","2024-09-05"
"163","2024-09-06"
"134","2024-09-07"
"133","2024-09-08"
"254","2024-09-09"
"190","2024-09-10"
"168","2024-09-11"
"168","2024-09-12"
"170","2024-09-13"
"124","2024-09-14"
"126","2024-09-15"
"189","2024-09-16"
"164","2024-09-17"
"179","2024-09-18"
"183","2024-09-19"
"153","2024-09-20"
"92","2024-09-21"
"122","2024-09-22"
"204","2024-09-23"
"170","2024-09-24"
"153","2024-09-25"
"595","2024-09-26"
"188","2024-09-27"
"99","2024-09-28"
"105","2024-09-29"
"311","2024-09-30"
"225","2024-10-01"
"388","2024-10-02"
"381","2024-10-03"
"245","2024-10-04"
"268","2024-10-05"
"397","2024-10-06"
"544","2024-10-07"
"600","2024-10-08"
"587","2024-10-09"
"432","2024-10-10"
"101","2024-10-11"
"105","2024-10-12"
"130","2024-10-13"
"167","2024-10-14"
"156","2024-10-15"
"154","2024-10-16"
"124","2024-10-17"
"165","2024-10-18"
"123","2024-10-19"
"115","2024-10-20"
"153","2024-10-21"
"162","2024-10-22"
"155","2024-10-23"
"193","2024-10-24"
"124","2024-10-25"
"84","2024-10-26"
"98","2024-10-27"
"159","2024-10-28"
"118","2024-10-29"
"133","2024-10-30"
"128","2024-10-31"
"161","2024-11-01"
"79","2024-11-02"
"85","2024-11-03"
"138","2024-11-04"
"123","2024-11-05"
"133","2024-11-06"
"141","2024-11-07"
"137","2024-11-08"
"97","2024-11-09"
"70","2024-11-10"
"179","2024-11-11"
"162","2024-11-12"
"143","2024-11-13"
"168","2024-11-14"
"210","2024-11-15"
"164","2024-11-16"
"179","2024-11-17"
"276","2024-11-18"
"220","2024-11-19"
"200","2024-11-20"
"586","2024-11-21"
"543","2024-11-22"
"470","2024-11-23"
"450","2024-11-24"
"471","2024-11-25"
"445","2024-11-26"
"439","2024-11-27"
"407","2024-11-28"
"1031","2024-11-29"
"975","2024-11-30"
"516","2024-12-01"
"774","2024-12-02"
"782","2024-12-03"
"464","2024-12-04"
"394","2024-12-05"
"371","2024-12-06"
"367","2024-12-07"
"399","2024-12-08"
"568","2024-12-09"
"587","2024-12-10"
"407","2024-12-11"
"391","2024-12-12"
"398","2024-12-13"
"323","2024-12-14"
"413","2024-12-15"
"438","2024-12-16"
"454","2024-12-17"
"323","2024-12-18"
"120","2024-12-19"
"152","2024-12-20"
"91","2024-12-21"
"79","2024-12-22"
"169","2024-12-23"
"83","2024-12-24"
"115","2024-12-25"
"224","2024-12-26"
"258","2024-12-27"
"160","2024-12-28"
"89","2024-12-29"
"134","2024-12-30"
"61","2024-12-31"